==116247== NVPROF is profiling process 116247, command: ./cuCOSMA
==116247== Some kernel(s) will be replayed on device 0 in order to collect all events/metrics.
==116247== Profiling application: ./cuCOSMA
==116247== Profiling result:
==116247== Metric result:
"Device","Kernel","Invocations","Metric Name","Metric Description","Min","Max","Avg"
"Tesla V100-PCIE-32GB (0)","cosmaSgemm_kernel(float const *, int, float const *, int, float*, int)",100,"shared_store_transactions","Shared Store Transactions",50356472,50371943,50363865
"Tesla V100-PCIE-32GB (0)","cosmaSgemm_kernel(float const *, int, float const *, int, float*, int)",100,"shared_load_transactions","Shared Load Transactions",268502648,268517081,268511445
"Tesla V100-PCIE-32GB (0)","cosmaSgemm_kernel(float const *, int, float const *, int, float*, int)",100,"gld_transactions","Global Load Transactions",135993611,136030745,136016929
"Tesla V100-PCIE-32GB (0)","cosmaSgemm_kernel(float const *, int, float const *, int, float*, int)",100,"gst_transactions","Global Store Transactions",2097152,2097152,2097152
"Tesla V100-PCIE-32GB (0)","cosmaSgemm_kernel(float const *, int, float const *, int, float*, int)",100,"l2_global_atomic_store_bytes","Bytes written to L2 from L1 for global atomics",0,0,0
"Tesla V100-PCIE-32GB (0)","cosmaSgemm_kernel(float const *, int, float const *, int, float*, int)",100,"l2_global_load_bytes","Bytes read from L2 for misses in L1 for global loads",4319555712,4351684256,4340470652
"Tesla V100-PCIE-32GB (0)","cosmaSgemm_kernel(float const *, int, float const *, int, float*, int)",100,"l2_read_transactions","L2 Read Transactions",135349244,136293826,135915003
"Tesla V100-PCIE-32GB (0)","cosmaSgemm_kernel(float const *, int, float const *, int, float*, int)",100,"l2_write_transactions","L2 Write Transactions",2097185,2121356,2100561
"Tesla V100-PCIE-32GB (0)","cosmaSgemm_kernel(float const *, int, float const *, int, float*, int)",100,"dram_read_bytes","Total bytes read from DRAM to L2 cache",855569280,1640262400,1291646669
"Tesla V100-PCIE-32GB (0)","cosmaSgemm_kernel(float const *, int, float const *, int, float*, int)",100,"dram_read_transactions","Device Memory Read Transactions",26736540,51258200,40363958
"Tesla V100-PCIE-32GB (0)","cosmaSgemm_kernel(float const *, int, float const *, int, float*, int)",100,"dram_write_transactions","Device Memory Write Transactions",2094557,2113810,2098518
"Tesla V100-PCIE-32GB (0)","cosmaSgemm_kernel(float const *, int, float const *, int, float*, int)",100,"local_memory_overhead","Local Memory Overhead",0.110792%,1.555650%,0.778996%
"Tesla V100-PCIE-32GB (0)","cosmaSgemm_kernel(float const *, int, float const *, int, float*, int)",100,"shared_efficiency","Shared Memory Efficiency",42.089390%,42.092919%,42.090975%
"Tesla V100-PCIE-32GB (0)","cosmaSgemm_kernel(float const *, int, float const *, int, float*, int)",100,"shared_utilization","Shared Memory Utilization","Low (3)","Low (3)","Low (3)"
"Tesla V100-PCIE-32GB (0)","cosmaSgemm_kernel(float const *, int, float const *, int, float*, int)",100,"l2_utilization","L2 Cache Utilization","Low (1)","Low (1)","Low (1)"
"Tesla V100-PCIE-32GB (0)","cosmaSgemm_kernel(float const *, int, float const *, int, float*, int)",100,"ldst_issued","Issued Load/Store Instructions",168050688,168050688,168050688
"Tesla V100-PCIE-32GB (0)","cosmaSgemm_kernel(float const *, int, float const *, int, float*, int)",100,"ldst_executed","Executed Load/Store Instructions",168050688,168050688,168050688
"Tesla V100-PCIE-32GB (0)","cosmaSgemm_kernel(float const *, int, float const *, int, float*, int)",100,"sm_efficiency","Multiprocessor Activity",98.021325%,98.358694%,98.304604%
"Tesla V100-PCIE-32GB (0)","cosmaSgemm_kernel(float const *, int, float const *, int, float*, int)",100,"achieved_occupancy","Achieved Occupancy",0.242064,0.243085,0.242632
"Tesla V100-PCIE-32GB (0)","cosmaSgemm_kernel(float const *, int, float const *, int, float*, int)",100,"warp_execution_efficiency","Warp Execution Efficiency",100.000000%,100.000000%,100.000000%
"Tesla V100-PCIE-32GB (0)","void cutlass::Kernel<cutlass::gemm::kernel::Gemm<cutlass::gemm::threadblock::MmaPipelined<cutlass::gemm::GemmShape<int=128, int=128, int=8>, cutlass::transform::threadblock::PredicatedTileIterator<cutlass::MatrixShape<int=128, int=8>, float, cutlass::layout::RowMajor, int=1, cutlass::transform::PitchLinearStripminedThreadMap<cutlass::layout::PitchLinearShape<int=8, int=128>, int=256, int=1>, int=1>, cutlass::transform::threadblock::RegularTileIterator<cutlass::MatrixShape<int=128, int=8>, float, cutlass::layout::ColumnMajor, int=1, cutlass::transform::TransposePitchLinearThreadMapSimt<cutlass::transform::PitchLinearStripminedThreadMap<cutlass::layout::PitchLinearShape<int=8, int=128>, int=256, int=1>>, int=4>, cutlass::transform::threadblock::PredicatedTileIterator<cutlass::MatrixShape<int=8, int=128>, float, cutlass::layout::RowMajor, int=0, cutlass::transform::PitchLinearStripminedThreadMap<cutlass::layout::PitchLinearShape<int=128, int=8>, int=256, int=1>, int=1>, cutlass::transform::threadblock::RegularTileIterator<cutlass::MatrixShape<int=8, int=128>, float, cutlass::layout::RowMajor, int=0, cutlass::transform::PitchLinearStripminedThreadMap<cutlass::layout::PitchLinearShape<int=128, int=8>, int=256, int=1>, int=4>, float, cutlass::layout::RowMajor, cutlass::gemm::threadblock::MmaPolicy<cutlass::gemm::warp::MmaSimt<cutlass::gemm::GemmShape<int=32, int=64, int=8>, float, cutlass::layout::ColumnMajor, float, cutlass::layout::RowMajor, float, cutlass::layout::RowMajor, cutlass::gemm::warp::MmaSimtPolicy<cutlass::MatrixShape<int=4, int=8>, cutlass::layout::RowMajorInterleaved<int=2>, cutlass::gemm::GemmShape<int=4, int=4, int=1>>, int=1, bool>, cutlass::MatrixShape<int=4, int=0>, cutlass::MatrixShape<int=0, int=0>, int=1>, cutlass::NumericArrayConverter<float, float, int=4, cutlass::FloatRoundStyle>, cutlass::NumericArrayConverter<float, float, int=4, cutlass::FloatRoundStyle>, bool>, cutlass::epilogue::threadblock::Epilogue<cutlass::gemm::GemmShape<int=128, int=128, int=8>, cutlass::gemm::warp::MmaSimt<cutlass::gemm::GemmShape<int=32, int=64, int=8>, float, cutlass::layout::ColumnMajor, float, cutlass::layout::RowMajor, float, cutlass::layout::RowMajor, cutlass::gemm::warp::MmaSimtPolicy<cutlass::MatrixShape<int=4, int=8>, cutlass::layout::RowMajorInterleaved<int=2>, cutlass::gemm::GemmShape<int=4, int=4, int=1>>, int=1, bool>, int=1, cutlass::epilogue::threadblock::PredicatedTileIterator<cutlass::epilogue::threadblock::OutputTileOptimalThreadMap<cutlass::epilogue::threadblock::OutputTileShape<int=128, int=1, int=4, int=4, int=1>, cutlass::epilogue::threadblock::OutputTileShape<int=1, int=4, int=2, int=1, int=8>, int=256, int=1, int=32>, float>, cutlass::epilogue::warp::FragmentIteratorSimt<cutlass::gemm::GemmShape<int=32, int=64, int=8>, cutlass::gemm::thread::Mma<cutlass::gemm::GemmShape<int=8, int=8, int=1>, float, cutlass::layout::ColumnMajor, float, cutlass::layout::RowMajor, float, cutlass::layout::RowMajor, cutlass::arch::OpMultiplyAdd, bool>, cutlass::layout::RowMajor, cutlass::gemm::warp::MmaSimtPolicy<cutlass::MatrixShape<int=4, int=8>, cutlass::layout::RowMajorInterleaved<int=2>, cutlass::gemm::GemmShape<int=4, int=4, int=1>>>, cutlass::epilogue::warp::TileIteratorSimt<cutlass::gemm::GemmShape<int=32, int=64, int=8>, cutlass::gemm::thread::Mma<cutlass::gemm::GemmShape<int=8, int=8, int=1>, float, cutlass::layout::ColumnMajor, float, cutlass::layout::RowMajor, float, cutlass::layout::RowMajor, cutlass::arch::OpMultiplyAdd, bool>, float, cutlass::layout::RowMajor, cutlass::gemm::warp::MmaSimtPolicy<cutlass::MatrixShape<int=4, int=8>, cutlass::layout::RowMajorInterleaved<int=2>, cutlass::gemm::GemmShape<int=4, int=4, int=1>>>, cutlass::epilogue::threadblock::SharedLoadIterator<cutlass::epilogue::threadblock::OutputTileOptimalThreadMap<cutlass::epilogue::threadblock::OutputTileShape<int=128, int=1, int=4, int=4, int=1>::CompactedThreadMap, cutlass::epilogue::threadblock::OutputTileShape<int=1, int=4, int=2, int=1, int=8>, int=256, int=1, int=32>, float, int=4>, cutlass::epilogue::thread::LinearCombination<float",101,"shared_store_transactions","Shared Store Transactions",34152870,34155582,34154697
"Tesla V100-PCIE-32GB (0)","void cutlass::Kernel<cutlass::gemm::kernel::Gemm<cutlass::gemm::threadblock::MmaPipelined<cutlass::gemm::GemmShape<int=128, int=128, int=8>, cutlass::transform::threadblock::PredicatedTileIterator<cutlass::MatrixShape<int=128, int=8>, float, cutlass::layout::RowMajor, int=1, cutlass::transform::PitchLinearStripminedThreadMap<cutlass::layout::PitchLinearShape<int=8, int=128>, int=256, int=1>, int=1>, cutlass::transform::threadblock::RegularTileIterator<cutlass::MatrixShape<int=128, int=8>, float, cutlass::layout::ColumnMajor, int=1, cutlass::transform::TransposePitchLinearThreadMapSimt<cutlass::transform::PitchLinearStripminedThreadMap<cutlass::layout::PitchLinearShape<int=8, int=128>, int=256, int=1>>, int=4>, cutlass::transform::threadblock::PredicatedTileIterator<cutlass::MatrixShape<int=8, int=128>, float, cutlass::layout::RowMajor, int=0, cutlass::transform::PitchLinearStripminedThreadMap<cutlass::layout::PitchLinearShape<int=128, int=8>, int=256, int=1>, int=1>, cutlass::transform::threadblock::RegularTileIterator<cutlass::MatrixShape<int=8, int=128>, float, cutlass::layout::RowMajor, int=0, cutlass::transform::PitchLinearStripminedThreadMap<cutlass::layout::PitchLinearShape<int=128, int=8>, int=256, int=1>, int=4>, float, cutlass::layout::RowMajor, cutlass::gemm::threadblock::MmaPolicy<cutlass::gemm::warp::MmaSimt<cutlass::gemm::GemmShape<int=32, int=64, int=8>, float, cutlass::layout::ColumnMajor, float, cutlass::layout::RowMajor, float, cutlass::layout::RowMajor, cutlass::gemm::warp::MmaSimtPolicy<cutlass::MatrixShape<int=4, int=8>, cutlass::layout::RowMajorInterleaved<int=2>, cutlass::gemm::GemmShape<int=4, int=4, int=1>>, int=1, bool>, cutlass::MatrixShape<int=4, int=0>, cutlass::MatrixShape<int=0, int=0>, int=1>, cutlass::NumericArrayConverter<float, float, int=4, cutlass::FloatRoundStyle>, cutlass::NumericArrayConverter<float, float, int=4, cutlass::FloatRoundStyle>, bool>, cutlass::epilogue::threadblock::Epilogue<cutlass::gemm::GemmShape<int=128, int=128, int=8>, cutlass::gemm::warp::MmaSimt<cutlass::gemm::GemmShape<int=32, int=64, int=8>, float, cutlass::layout::ColumnMajor, float, cutlass::layout::RowMajor, float, cutlass::layout::RowMajor, cutlass::gemm::warp::MmaSimtPolicy<cutlass::MatrixShape<int=4, int=8>, cutlass::layout::RowMajorInterleaved<int=2>, cutlass::gemm::GemmShape<int=4, int=4, int=1>>, int=1, bool>, int=1, cutlass::epilogue::threadblock::PredicatedTileIterator<cutlass::epilogue::threadblock::OutputTileOptimalThreadMap<cutlass::epilogue::threadblock::OutputTileShape<int=128, int=1, int=4, int=4, int=1>, cutlass::epilogue::threadblock::OutputTileShape<int=1, int=4, int=2, int=1, int=8>, int=256, int=1, int=32>, float>, cutlass::epilogue::warp::FragmentIteratorSimt<cutlass::gemm::GemmShape<int=32, int=64, int=8>, cutlass::gemm::thread::Mma<cutlass::gemm::GemmShape<int=8, int=8, int=1>, float, cutlass::layout::ColumnMajor, float, cutlass::layout::RowMajor, float, cutlass::layout::RowMajor, cutlass::arch::OpMultiplyAdd, bool>, cutlass::layout::RowMajor, cutlass::gemm::warp::MmaSimtPolicy<cutlass::MatrixShape<int=4, int=8>, cutlass::layout::RowMajorInterleaved<int=2>, cutlass::gemm::GemmShape<int=4, int=4, int=1>>>, cutlass::epilogue::warp::TileIteratorSimt<cutlass::gemm::GemmShape<int=32, int=64, int=8>, cutlass::gemm::thread::Mma<cutlass::gemm::GemmShape<int=8, int=8, int=1>, float, cutlass::layout::ColumnMajor, float, cutlass::layout::RowMajor, float, cutlass::layout::RowMajor, cutlass::arch::OpMultiplyAdd, bool>, float, cutlass::layout::RowMajor, cutlass::gemm::warp::MmaSimtPolicy<cutlass::MatrixShape<int=4, int=8>, cutlass::layout::RowMajorInterleaved<int=2>, cutlass::gemm::GemmShape<int=4, int=4, int=1>>>, cutlass::epilogue::threadblock::SharedLoadIterator<cutlass::epilogue::threadblock::OutputTileOptimalThreadMap<cutlass::epilogue::threadblock::OutputTileShape<int=128, int=1, int=4, int=4, int=1>::CompactedThreadMap, cutlass::epilogue::threadblock::OutputTileShape<int=1, int=4, int=2, int=1, int=8>, int=256, int=1, int=32>, float, int=4>, cutlass::epilogue::thread::LinearCombination<float",101,"shared_load_transactions","Shared Load Transactions",302698272,302702611,302700843
"Tesla V100-PCIE-32GB (0)","void cutlass::Kernel<cutlass::gemm::kernel::Gemm<cutlass::gemm::threadblock::MmaPipelined<cutlass::gemm::GemmShape<int=128, int=128, int=8>, cutlass::transform::threadblock::PredicatedTileIterator<cutlass::MatrixShape<int=128, int=8>, float, cutlass::layout::RowMajor, int=1, cutlass::transform::PitchLinearStripminedThreadMap<cutlass::layout::PitchLinearShape<int=8, int=128>, int=256, int=1>, int=1>, cutlass::transform::threadblock::RegularTileIterator<cutlass::MatrixShape<int=128, int=8>, float, cutlass::layout::ColumnMajor, int=1, cutlass::transform::TransposePitchLinearThreadMapSimt<cutlass::transform::PitchLinearStripminedThreadMap<cutlass::layout::PitchLinearShape<int=8, int=128>, int=256, int=1>>, int=4>, cutlass::transform::threadblock::PredicatedTileIterator<cutlass::MatrixShape<int=8, int=128>, float, cutlass::layout::RowMajor, int=0, cutlass::transform::PitchLinearStripminedThreadMap<cutlass::layout::PitchLinearShape<int=128, int=8>, int=256, int=1>, int=1>, cutlass::transform::threadblock::RegularTileIterator<cutlass::MatrixShape<int=8, int=128>, float, cutlass::layout::RowMajor, int=0, cutlass::transform::PitchLinearStripminedThreadMap<cutlass::layout::PitchLinearShape<int=128, int=8>, int=256, int=1>, int=4>, float, cutlass::layout::RowMajor, cutlass::gemm::threadblock::MmaPolicy<cutlass::gemm::warp::MmaSimt<cutlass::gemm::GemmShape<int=32, int=64, int=8>, float, cutlass::layout::ColumnMajor, float, cutlass::layout::RowMajor, float, cutlass::layout::RowMajor, cutlass::gemm::warp::MmaSimtPolicy<cutlass::MatrixShape<int=4, int=8>, cutlass::layout::RowMajorInterleaved<int=2>, cutlass::gemm::GemmShape<int=4, int=4, int=1>>, int=1, bool>, cutlass::MatrixShape<int=4, int=0>, cutlass::MatrixShape<int=0, int=0>, int=1>, cutlass::NumericArrayConverter<float, float, int=4, cutlass::FloatRoundStyle>, cutlass::NumericArrayConverter<float, float, int=4, cutlass::FloatRoundStyle>, bool>, cutlass::epilogue::threadblock::Epilogue<cutlass::gemm::GemmShape<int=128, int=128, int=8>, cutlass::gemm::warp::MmaSimt<cutlass::gemm::GemmShape<int=32, int=64, int=8>, float, cutlass::layout::ColumnMajor, float, cutlass::layout::RowMajor, float, cutlass::layout::RowMajor, cutlass::gemm::warp::MmaSimtPolicy<cutlass::MatrixShape<int=4, int=8>, cutlass::layout::RowMajorInterleaved<int=2>, cutlass::gemm::GemmShape<int=4, int=4, int=1>>, int=1, bool>, int=1, cutlass::epilogue::threadblock::PredicatedTileIterator<cutlass::epilogue::threadblock::OutputTileOptimalThreadMap<cutlass::epilogue::threadblock::OutputTileShape<int=128, int=1, int=4, int=4, int=1>, cutlass::epilogue::threadblock::OutputTileShape<int=1, int=4, int=2, int=1, int=8>, int=256, int=1, int=32>, float>, cutlass::epilogue::warp::FragmentIteratorSimt<cutlass::gemm::GemmShape<int=32, int=64, int=8>, cutlass::gemm::thread::Mma<cutlass::gemm::GemmShape<int=8, int=8, int=1>, float, cutlass::layout::ColumnMajor, float, cutlass::layout::RowMajor, float, cutlass::layout::RowMajor, cutlass::arch::OpMultiplyAdd, bool>, cutlass::layout::RowMajor, cutlass::gemm::warp::MmaSimtPolicy<cutlass::MatrixShape<int=4, int=8>, cutlass::layout::RowMajorInterleaved<int=2>, cutlass::gemm::GemmShape<int=4, int=4, int=1>>>, cutlass::epilogue::warp::TileIteratorSimt<cutlass::gemm::GemmShape<int=32, int=64, int=8>, cutlass::gemm::thread::Mma<cutlass::gemm::GemmShape<int=8, int=8, int=1>, float, cutlass::layout::ColumnMajor, float, cutlass::layout::RowMajor, float, cutlass::layout::RowMajor, cutlass::arch::OpMultiplyAdd, bool>, float, cutlass::layout::RowMajor, cutlass::gemm::warp::MmaSimtPolicy<cutlass::MatrixShape<int=4, int=8>, cutlass::layout::RowMajorInterleaved<int=2>, cutlass::gemm::GemmShape<int=4, int=4, int=1>>>, cutlass::epilogue::threadblock::SharedLoadIterator<cutlass::epilogue::threadblock::OutputTileOptimalThreadMap<cutlass::epilogue::threadblock::OutputTileShape<int=128, int=1, int=4, int=4, int=1>::CompactedThreadMap, cutlass::epilogue::threadblock::OutputTileShape<int=1, int=4, int=2, int=1, int=8>, int=256, int=1, int=32>, float, int=4>, cutlass::epilogue::thread::LinearCombination<float",101,"gld_transactions","Global Load Transactions",136256865,136257876,136257349
"Tesla V100-PCIE-32GB (0)","void cutlass::Kernel<cutlass::gemm::kernel::Gemm<cutlass::gemm::threadblock::MmaPipelined<cutlass::gemm::GemmShape<int=128, int=128, int=8>, cutlass::transform::threadblock::PredicatedTileIterator<cutlass::MatrixShape<int=128, int=8>, float, cutlass::layout::RowMajor, int=1, cutlass::transform::PitchLinearStripminedThreadMap<cutlass::layout::PitchLinearShape<int=8, int=128>, int=256, int=1>, int=1>, cutlass::transform::threadblock::RegularTileIterator<cutlass::MatrixShape<int=128, int=8>, float, cutlass::layout::ColumnMajor, int=1, cutlass::transform::TransposePitchLinearThreadMapSimt<cutlass::transform::PitchLinearStripminedThreadMap<cutlass::layout::PitchLinearShape<int=8, int=128>, int=256, int=1>>, int=4>, cutlass::transform::threadblock::PredicatedTileIterator<cutlass::MatrixShape<int=8, int=128>, float, cutlass::layout::RowMajor, int=0, cutlass::transform::PitchLinearStripminedThreadMap<cutlass::layout::PitchLinearShape<int=128, int=8>, int=256, int=1>, int=1>, cutlass::transform::threadblock::RegularTileIterator<cutlass::MatrixShape<int=8, int=128>, float, cutlass::layout::RowMajor, int=0, cutlass::transform::PitchLinearStripminedThreadMap<cutlass::layout::PitchLinearShape<int=128, int=8>, int=256, int=1>, int=4>, float, cutlass::layout::RowMajor, cutlass::gemm::threadblock::MmaPolicy<cutlass::gemm::warp::MmaSimt<cutlass::gemm::GemmShape<int=32, int=64, int=8>, float, cutlass::layout::ColumnMajor, float, cutlass::layout::RowMajor, float, cutlass::layout::RowMajor, cutlass::gemm::warp::MmaSimtPolicy<cutlass::MatrixShape<int=4, int=8>, cutlass::layout::RowMajorInterleaved<int=2>, cutlass::gemm::GemmShape<int=4, int=4, int=1>>, int=1, bool>, cutlass::MatrixShape<int=4, int=0>, cutlass::MatrixShape<int=0, int=0>, int=1>, cutlass::NumericArrayConverter<float, float, int=4, cutlass::FloatRoundStyle>, cutlass::NumericArrayConverter<float, float, int=4, cutlass::FloatRoundStyle>, bool>, cutlass::epilogue::threadblock::Epilogue<cutlass::gemm::GemmShape<int=128, int=128, int=8>, cutlass::gemm::warp::MmaSimt<cutlass::gemm::GemmShape<int=32, int=64, int=8>, float, cutlass::layout::ColumnMajor, float, cutlass::layout::RowMajor, float, cutlass::layout::RowMajor, cutlass::gemm::warp::MmaSimtPolicy<cutlass::MatrixShape<int=4, int=8>, cutlass::layout::RowMajorInterleaved<int=2>, cutlass::gemm::GemmShape<int=4, int=4, int=1>>, int=1, bool>, int=1, cutlass::epilogue::threadblock::PredicatedTileIterator<cutlass::epilogue::threadblock::OutputTileOptimalThreadMap<cutlass::epilogue::threadblock::OutputTileShape<int=128, int=1, int=4, int=4, int=1>, cutlass::epilogue::threadblock::OutputTileShape<int=1, int=4, int=2, int=1, int=8>, int=256, int=1, int=32>, float>, cutlass::epilogue::warp::FragmentIteratorSimt<cutlass::gemm::GemmShape<int=32, int=64, int=8>, cutlass::gemm::thread::Mma<cutlass::gemm::GemmShape<int=8, int=8, int=1>, float, cutlass::layout::ColumnMajor, float, cutlass::layout::RowMajor, float, cutlass::layout::RowMajor, cutlass::arch::OpMultiplyAdd, bool>, cutlass::layout::RowMajor, cutlass::gemm::warp::MmaSimtPolicy<cutlass::MatrixShape<int=4, int=8>, cutlass::layout::RowMajorInterleaved<int=2>, cutlass::gemm::GemmShape<int=4, int=4, int=1>>>, cutlass::epilogue::warp::TileIteratorSimt<cutlass::gemm::GemmShape<int=32, int=64, int=8>, cutlass::gemm::thread::Mma<cutlass::gemm::GemmShape<int=8, int=8, int=1>, float, cutlass::layout::ColumnMajor, float, cutlass::layout::RowMajor, float, cutlass::layout::RowMajor, cutlass::arch::OpMultiplyAdd, bool>, float, cutlass::layout::RowMajor, cutlass::gemm::warp::MmaSimtPolicy<cutlass::MatrixShape<int=4, int=8>, cutlass::layout::RowMajorInterleaved<int=2>, cutlass::gemm::GemmShape<int=4, int=4, int=1>>>, cutlass::epilogue::threadblock::SharedLoadIterator<cutlass::epilogue::threadblock::OutputTileOptimalThreadMap<cutlass::epilogue::threadblock::OutputTileShape<int=128, int=1, int=4, int=4, int=1>::CompactedThreadMap, cutlass::epilogue::threadblock::OutputTileShape<int=1, int=4, int=2, int=1, int=8>, int=256, int=1, int=32>, float, int=4>, cutlass::epilogue::thread::LinearCombination<float",101,"gst_transactions","Global Store Transactions",2097152,2097152,2097152
"Tesla V100-PCIE-32GB (0)","void cutlass::Kernel<cutlass::gemm::kernel::Gemm<cutlass::gemm::threadblock::MmaPipelined<cutlass::gemm::GemmShape<int=128, int=128, int=8>, cutlass::transform::threadblock::PredicatedTileIterator<cutlass::MatrixShape<int=128, int=8>, float, cutlass::layout::RowMajor, int=1, cutlass::transform::PitchLinearStripminedThreadMap<cutlass::layout::PitchLinearShape<int=8, int=128>, int=256, int=1>, int=1>, cutlass::transform::threadblock::RegularTileIterator<cutlass::MatrixShape<int=128, int=8>, float, cutlass::layout::ColumnMajor, int=1, cutlass::transform::TransposePitchLinearThreadMapSimt<cutlass::transform::PitchLinearStripminedThreadMap<cutlass::layout::PitchLinearShape<int=8, int=128>, int=256, int=1>>, int=4>, cutlass::transform::threadblock::PredicatedTileIterator<cutlass::MatrixShape<int=8, int=128>, float, cutlass::layout::RowMajor, int=0, cutlass::transform::PitchLinearStripminedThreadMap<cutlass::layout::PitchLinearShape<int=128, int=8>, int=256, int=1>, int=1>, cutlass::transform::threadblock::RegularTileIterator<cutlass::MatrixShape<int=8, int=128>, float, cutlass::layout::RowMajor, int=0, cutlass::transform::PitchLinearStripminedThreadMap<cutlass::layout::PitchLinearShape<int=128, int=8>, int=256, int=1>, int=4>, float, cutlass::layout::RowMajor, cutlass::gemm::threadblock::MmaPolicy<cutlass::gemm::warp::MmaSimt<cutlass::gemm::GemmShape<int=32, int=64, int=8>, float, cutlass::layout::ColumnMajor, float, cutlass::layout::RowMajor, float, cutlass::layout::RowMajor, cutlass::gemm::warp::MmaSimtPolicy<cutlass::MatrixShape<int=4, int=8>, cutlass::layout::RowMajorInterleaved<int=2>, cutlass::gemm::GemmShape<int=4, int=4, int=1>>, int=1, bool>, cutlass::MatrixShape<int=4, int=0>, cutlass::MatrixShape<int=0, int=0>, int=1>, cutlass::NumericArrayConverter<float, float, int=4, cutlass::FloatRoundStyle>, cutlass::NumericArrayConverter<float, float, int=4, cutlass::FloatRoundStyle>, bool>, cutlass::epilogue::threadblock::Epilogue<cutlass::gemm::GemmShape<int=128, int=128, int=8>, cutlass::gemm::warp::MmaSimt<cutlass::gemm::GemmShape<int=32, int=64, int=8>, float, cutlass::layout::ColumnMajor, float, cutlass::layout::RowMajor, float, cutlass::layout::RowMajor, cutlass::gemm::warp::MmaSimtPolicy<cutlass::MatrixShape<int=4, int=8>, cutlass::layout::RowMajorInterleaved<int=2>, cutlass::gemm::GemmShape<int=4, int=4, int=1>>, int=1, bool>, int=1, cutlass::epilogue::threadblock::PredicatedTileIterator<cutlass::epilogue::threadblock::OutputTileOptimalThreadMap<cutlass::epilogue::threadblock::OutputTileShape<int=128, int=1, int=4, int=4, int=1>, cutlass::epilogue::threadblock::OutputTileShape<int=1, int=4, int=2, int=1, int=8>, int=256, int=1, int=32>, float>, cutlass::epilogue::warp::FragmentIteratorSimt<cutlass::gemm::GemmShape<int=32, int=64, int=8>, cutlass::gemm::thread::Mma<cutlass::gemm::GemmShape<int=8, int=8, int=1>, float, cutlass::layout::ColumnMajor, float, cutlass::layout::RowMajor, float, cutlass::layout::RowMajor, cutlass::arch::OpMultiplyAdd, bool>, cutlass::layout::RowMajor, cutlass::gemm::warp::MmaSimtPolicy<cutlass::MatrixShape<int=4, int=8>, cutlass::layout::RowMajorInterleaved<int=2>, cutlass::gemm::GemmShape<int=4, int=4, int=1>>>, cutlass::epilogue::warp::TileIteratorSimt<cutlass::gemm::GemmShape<int=32, int=64, int=8>, cutlass::gemm::thread::Mma<cutlass::gemm::GemmShape<int=8, int=8, int=1>, float, cutlass::layout::ColumnMajor, float, cutlass::layout::RowMajor, float, cutlass::layout::RowMajor, cutlass::arch::OpMultiplyAdd, bool>, float, cutlass::layout::RowMajor, cutlass::gemm::warp::MmaSimtPolicy<cutlass::MatrixShape<int=4, int=8>, cutlass::layout::RowMajorInterleaved<int=2>, cutlass::gemm::GemmShape<int=4, int=4, int=1>>>, cutlass::epilogue::threadblock::SharedLoadIterator<cutlass::epilogue::threadblock::OutputTileOptimalThreadMap<cutlass::epilogue::threadblock::OutputTileShape<int=128, int=1, int=4, int=4, int=1>::CompactedThreadMap, cutlass::epilogue::threadblock::OutputTileShape<int=1, int=4, int=2, int=1, int=8>, int=256, int=1, int=32>, float, int=4>, cutlass::epilogue::thread::LinearCombination<float",101,"l2_global_atomic_store_bytes","Bytes written to L2 from L1 for global atomics",0,0,0
"Tesla V100-PCIE-32GB (0)","void cutlass::Kernel<cutlass::gemm::kernel::Gemm<cutlass::gemm::threadblock::MmaPipelined<cutlass::gemm::GemmShape<int=128, int=128, int=8>, cutlass::transform::threadblock::PredicatedTileIterator<cutlass::MatrixShape<int=128, int=8>, float, cutlass::layout::RowMajor, int=1, cutlass::transform::PitchLinearStripminedThreadMap<cutlass::layout::PitchLinearShape<int=8, int=128>, int=256, int=1>, int=1>, cutlass::transform::threadblock::RegularTileIterator<cutlass::MatrixShape<int=128, int=8>, float, cutlass::layout::ColumnMajor, int=1, cutlass::transform::TransposePitchLinearThreadMapSimt<cutlass::transform::PitchLinearStripminedThreadMap<cutlass::layout::PitchLinearShape<int=8, int=128>, int=256, int=1>>, int=4>, cutlass::transform::threadblock::PredicatedTileIterator<cutlass::MatrixShape<int=8, int=128>, float, cutlass::layout::RowMajor, int=0, cutlass::transform::PitchLinearStripminedThreadMap<cutlass::layout::PitchLinearShape<int=128, int=8>, int=256, int=1>, int=1>, cutlass::transform::threadblock::RegularTileIterator<cutlass::MatrixShape<int=8, int=128>, float, cutlass::layout::RowMajor, int=0, cutlass::transform::PitchLinearStripminedThreadMap<cutlass::layout::PitchLinearShape<int=128, int=8>, int=256, int=1>, int=4>, float, cutlass::layout::RowMajor, cutlass::gemm::threadblock::MmaPolicy<cutlass::gemm::warp::MmaSimt<cutlass::gemm::GemmShape<int=32, int=64, int=8>, float, cutlass::layout::ColumnMajor, float, cutlass::layout::RowMajor, float, cutlass::layout::RowMajor, cutlass::gemm::warp::MmaSimtPolicy<cutlass::MatrixShape<int=4, int=8>, cutlass::layout::RowMajorInterleaved<int=2>, cutlass::gemm::GemmShape<int=4, int=4, int=1>>, int=1, bool>, cutlass::MatrixShape<int=4, int=0>, cutlass::MatrixShape<int=0, int=0>, int=1>, cutlass::NumericArrayConverter<float, float, int=4, cutlass::FloatRoundStyle>, cutlass::NumericArrayConverter<float, float, int=4, cutlass::FloatRoundStyle>, bool>, cutlass::epilogue::threadblock::Epilogue<cutlass::gemm::GemmShape<int=128, int=128, int=8>, cutlass::gemm::warp::MmaSimt<cutlass::gemm::GemmShape<int=32, int=64, int=8>, float, cutlass::layout::ColumnMajor, float, cutlass::layout::RowMajor, float, cutlass::layout::RowMajor, cutlass::gemm::warp::MmaSimtPolicy<cutlass::MatrixShape<int=4, int=8>, cutlass::layout::RowMajorInterleaved<int=2>, cutlass::gemm::GemmShape<int=4, int=4, int=1>>, int=1, bool>, int=1, cutlass::epilogue::threadblock::PredicatedTileIterator<cutlass::epilogue::threadblock::OutputTileOptimalThreadMap<cutlass::epilogue::threadblock::OutputTileShape<int=128, int=1, int=4, int=4, int=1>, cutlass::epilogue::threadblock::OutputTileShape<int=1, int=4, int=2, int=1, int=8>, int=256, int=1, int=32>, float>, cutlass::epilogue::warp::FragmentIteratorSimt<cutlass::gemm::GemmShape<int=32, int=64, int=8>, cutlass::gemm::thread::Mma<cutlass::gemm::GemmShape<int=8, int=8, int=1>, float, cutlass::layout::ColumnMajor, float, cutlass::layout::RowMajor, float, cutlass::layout::RowMajor, cutlass::arch::OpMultiplyAdd, bool>, cutlass::layout::RowMajor, cutlass::gemm::warp::MmaSimtPolicy<cutlass::MatrixShape<int=4, int=8>, cutlass::layout::RowMajorInterleaved<int=2>, cutlass::gemm::GemmShape<int=4, int=4, int=1>>>, cutlass::epilogue::warp::TileIteratorSimt<cutlass::gemm::GemmShape<int=32, int=64, int=8>, cutlass::gemm::thread::Mma<cutlass::gemm::GemmShape<int=8, int=8, int=1>, float, cutlass::layout::ColumnMajor, float, cutlass::layout::RowMajor, float, cutlass::layout::RowMajor, cutlass::arch::OpMultiplyAdd, bool>, float, cutlass::layout::RowMajor, cutlass::gemm::warp::MmaSimtPolicy<cutlass::MatrixShape<int=4, int=8>, cutlass::layout::RowMajorInterleaved<int=2>, cutlass::gemm::GemmShape<int=4, int=4, int=1>>>, cutlass::epilogue::threadblock::SharedLoadIterator<cutlass::epilogue::threadblock::OutputTileOptimalThreadMap<cutlass::epilogue::threadblock::OutputTileShape<int=128, int=1, int=4, int=4, int=1>::CompactedThreadMap, cutlass::epilogue::threadblock::OutputTileShape<int=1, int=4, int=2, int=1, int=8>, int=256, int=1, int=32>, float, int=4>, cutlass::epilogue::thread::LinearCombination<float",101,"l2_global_load_bytes","Bytes read from L2 for misses in L1 for global loads",4360217792,4360256384,4360234884
"Tesla V100-PCIE-32GB (0)","void cutlass::Kernel<cutlass::gemm::kernel::Gemm<cutlass::gemm::threadblock::MmaPipelined<cutlass::gemm::GemmShape<int=128, int=128, int=8>, cutlass::transform::threadblock::PredicatedTileIterator<cutlass::MatrixShape<int=128, int=8>, float, cutlass::layout::RowMajor, int=1, cutlass::transform::PitchLinearStripminedThreadMap<cutlass::layout::PitchLinearShape<int=8, int=128>, int=256, int=1>, int=1>, cutlass::transform::threadblock::RegularTileIterator<cutlass::MatrixShape<int=128, int=8>, float, cutlass::layout::ColumnMajor, int=1, cutlass::transform::TransposePitchLinearThreadMapSimt<cutlass::transform::PitchLinearStripminedThreadMap<cutlass::layout::PitchLinearShape<int=8, int=128>, int=256, int=1>>, int=4>, cutlass::transform::threadblock::PredicatedTileIterator<cutlass::MatrixShape<int=8, int=128>, float, cutlass::layout::RowMajor, int=0, cutlass::transform::PitchLinearStripminedThreadMap<cutlass::layout::PitchLinearShape<int=128, int=8>, int=256, int=1>, int=1>, cutlass::transform::threadblock::RegularTileIterator<cutlass::MatrixShape<int=8, int=128>, float, cutlass::layout::RowMajor, int=0, cutlass::transform::PitchLinearStripminedThreadMap<cutlass::layout::PitchLinearShape<int=128, int=8>, int=256, int=1>, int=4>, float, cutlass::layout::RowMajor, cutlass::gemm::threadblock::MmaPolicy<cutlass::gemm::warp::MmaSimt<cutlass::gemm::GemmShape<int=32, int=64, int=8>, float, cutlass::layout::ColumnMajor, float, cutlass::layout::RowMajor, float, cutlass::layout::RowMajor, cutlass::gemm::warp::MmaSimtPolicy<cutlass::MatrixShape<int=4, int=8>, cutlass::layout::RowMajorInterleaved<int=2>, cutlass::gemm::GemmShape<int=4, int=4, int=1>>, int=1, bool>, cutlass::MatrixShape<int=4, int=0>, cutlass::MatrixShape<int=0, int=0>, int=1>, cutlass::NumericArrayConverter<float, float, int=4, cutlass::FloatRoundStyle>, cutlass::NumericArrayConverter<float, float, int=4, cutlass::FloatRoundStyle>, bool>, cutlass::epilogue::threadblock::Epilogue<cutlass::gemm::GemmShape<int=128, int=128, int=8>, cutlass::gemm::warp::MmaSimt<cutlass::gemm::GemmShape<int=32, int=64, int=8>, float, cutlass::layout::ColumnMajor, float, cutlass::layout::RowMajor, float, cutlass::layout::RowMajor, cutlass::gemm::warp::MmaSimtPolicy<cutlass::MatrixShape<int=4, int=8>, cutlass::layout::RowMajorInterleaved<int=2>, cutlass::gemm::GemmShape<int=4, int=4, int=1>>, int=1, bool>, int=1, cutlass::epilogue::threadblock::PredicatedTileIterator<cutlass::epilogue::threadblock::OutputTileOptimalThreadMap<cutlass::epilogue::threadblock::OutputTileShape<int=128, int=1, int=4, int=4, int=1>, cutlass::epilogue::threadblock::OutputTileShape<int=1, int=4, int=2, int=1, int=8>, int=256, int=1, int=32>, float>, cutlass::epilogue::warp::FragmentIteratorSimt<cutlass::gemm::GemmShape<int=32, int=64, int=8>, cutlass::gemm::thread::Mma<cutlass::gemm::GemmShape<int=8, int=8, int=1>, float, cutlass::layout::ColumnMajor, float, cutlass::layout::RowMajor, float, cutlass::layout::RowMajor, cutlass::arch::OpMultiplyAdd, bool>, cutlass::layout::RowMajor, cutlass::gemm::warp::MmaSimtPolicy<cutlass::MatrixShape<int=4, int=8>, cutlass::layout::RowMajorInterleaved<int=2>, cutlass::gemm::GemmShape<int=4, int=4, int=1>>>, cutlass::epilogue::warp::TileIteratorSimt<cutlass::gemm::GemmShape<int=32, int=64, int=8>, cutlass::gemm::thread::Mma<cutlass::gemm::GemmShape<int=8, int=8, int=1>, float, cutlass::layout::ColumnMajor, float, cutlass::layout::RowMajor, float, cutlass::layout::RowMajor, cutlass::arch::OpMultiplyAdd, bool>, float, cutlass::layout::RowMajor, cutlass::gemm::warp::MmaSimtPolicy<cutlass::MatrixShape<int=4, int=8>, cutlass::layout::RowMajorInterleaved<int=2>, cutlass::gemm::GemmShape<int=4, int=4, int=1>>>, cutlass::epilogue::threadblock::SharedLoadIterator<cutlass::epilogue::threadblock::OutputTileOptimalThreadMap<cutlass::epilogue::threadblock::OutputTileShape<int=128, int=1, int=4, int=4, int=1>::CompactedThreadMap, cutlass::epilogue::threadblock::OutputTileShape<int=1, int=4, int=2, int=1, int=8>, int=256, int=1, int=32>, float, int=4>, cutlass::epilogue::thread::LinearCombination<float",101,"l2_read_transactions","L2 Read Transactions",136315024,136321728,136316327
"Tesla V100-PCIE-32GB (0)","void cutlass::Kernel<cutlass::gemm::kernel::Gemm<cutlass::gemm::threadblock::MmaPipelined<cutlass::gemm::GemmShape<int=128, int=128, int=8>, cutlass::transform::threadblock::PredicatedTileIterator<cutlass::MatrixShape<int=128, int=8>, float, cutlass::layout::RowMajor, int=1, cutlass::transform::PitchLinearStripminedThreadMap<cutlass::layout::PitchLinearShape<int=8, int=128>, int=256, int=1>, int=1>, cutlass::transform::threadblock::RegularTileIterator<cutlass::MatrixShape<int=128, int=8>, float, cutlass::layout::ColumnMajor, int=1, cutlass::transform::TransposePitchLinearThreadMapSimt<cutlass::transform::PitchLinearStripminedThreadMap<cutlass::layout::PitchLinearShape<int=8, int=128>, int=256, int=1>>, int=4>, cutlass::transform::threadblock::PredicatedTileIterator<cutlass::MatrixShape<int=8, int=128>, float, cutlass::layout::RowMajor, int=0, cutlass::transform::PitchLinearStripminedThreadMap<cutlass::layout::PitchLinearShape<int=128, int=8>, int=256, int=1>, int=1>, cutlass::transform::threadblock::RegularTileIterator<cutlass::MatrixShape<int=8, int=128>, float, cutlass::layout::RowMajor, int=0, cutlass::transform::PitchLinearStripminedThreadMap<cutlass::layout::PitchLinearShape<int=128, int=8>, int=256, int=1>, int=4>, float, cutlass::layout::RowMajor, cutlass::gemm::threadblock::MmaPolicy<cutlass::gemm::warp::MmaSimt<cutlass::gemm::GemmShape<int=32, int=64, int=8>, float, cutlass::layout::ColumnMajor, float, cutlass::layout::RowMajor, float, cutlass::layout::RowMajor, cutlass::gemm::warp::MmaSimtPolicy<cutlass::MatrixShape<int=4, int=8>, cutlass::layout::RowMajorInterleaved<int=2>, cutlass::gemm::GemmShape<int=4, int=4, int=1>>, int=1, bool>, cutlass::MatrixShape<int=4, int=0>, cutlass::MatrixShape<int=0, int=0>, int=1>, cutlass::NumericArrayConverter<float, float, int=4, cutlass::FloatRoundStyle>, cutlass::NumericArrayConverter<float, float, int=4, cutlass::FloatRoundStyle>, bool>, cutlass::epilogue::threadblock::Epilogue<cutlass::gemm::GemmShape<int=128, int=128, int=8>, cutlass::gemm::warp::MmaSimt<cutlass::gemm::GemmShape<int=32, int=64, int=8>, float, cutlass::layout::ColumnMajor, float, cutlass::layout::RowMajor, float, cutlass::layout::RowMajor, cutlass::gemm::warp::MmaSimtPolicy<cutlass::MatrixShape<int=4, int=8>, cutlass::layout::RowMajorInterleaved<int=2>, cutlass::gemm::GemmShape<int=4, int=4, int=1>>, int=1, bool>, int=1, cutlass::epilogue::threadblock::PredicatedTileIterator<cutlass::epilogue::threadblock::OutputTileOptimalThreadMap<cutlass::epilogue::threadblock::OutputTileShape<int=128, int=1, int=4, int=4, int=1>, cutlass::epilogue::threadblock::OutputTileShape<int=1, int=4, int=2, int=1, int=8>, int=256, int=1, int=32>, float>, cutlass::epilogue::warp::FragmentIteratorSimt<cutlass::gemm::GemmShape<int=32, int=64, int=8>, cutlass::gemm::thread::Mma<cutlass::gemm::GemmShape<int=8, int=8, int=1>, float, cutlass::layout::ColumnMajor, float, cutlass::layout::RowMajor, float, cutlass::layout::RowMajor, cutlass::arch::OpMultiplyAdd, bool>, cutlass::layout::RowMajor, cutlass::gemm::warp::MmaSimtPolicy<cutlass::MatrixShape<int=4, int=8>, cutlass::layout::RowMajorInterleaved<int=2>, cutlass::gemm::GemmShape<int=4, int=4, int=1>>>, cutlass::epilogue::warp::TileIteratorSimt<cutlass::gemm::GemmShape<int=32, int=64, int=8>, cutlass::gemm::thread::Mma<cutlass::gemm::GemmShape<int=8, int=8, int=1>, float, cutlass::layout::ColumnMajor, float, cutlass::layout::RowMajor, float, cutlass::layout::RowMajor, cutlass::arch::OpMultiplyAdd, bool>, float, cutlass::layout::RowMajor, cutlass::gemm::warp::MmaSimtPolicy<cutlass::MatrixShape<int=4, int=8>, cutlass::layout::RowMajorInterleaved<int=2>, cutlass::gemm::GemmShape<int=4, int=4, int=1>>>, cutlass::epilogue::threadblock::SharedLoadIterator<cutlass::epilogue::threadblock::OutputTileOptimalThreadMap<cutlass::epilogue::threadblock::OutputTileShape<int=128, int=1, int=4, int=4, int=1>::CompactedThreadMap, cutlass::epilogue::threadblock::OutputTileShape<int=1, int=4, int=2, int=1, int=8>, int=256, int=1, int=32>, float, int=4>, cutlass::epilogue::thread::LinearCombination<float",101,"l2_write_transactions","L2 Write Transactions",2097184,2124379,2101508
"Tesla V100-PCIE-32GB (0)","void cutlass::Kernel<cutlass::gemm::kernel::Gemm<cutlass::gemm::threadblock::MmaPipelined<cutlass::gemm::GemmShape<int=128, int=128, int=8>, cutlass::transform::threadblock::PredicatedTileIterator<cutlass::MatrixShape<int=128, int=8>, float, cutlass::layout::RowMajor, int=1, cutlass::transform::PitchLinearStripminedThreadMap<cutlass::layout::PitchLinearShape<int=8, int=128>, int=256, int=1>, int=1>, cutlass::transform::threadblock::RegularTileIterator<cutlass::MatrixShape<int=128, int=8>, float, cutlass::layout::ColumnMajor, int=1, cutlass::transform::TransposePitchLinearThreadMapSimt<cutlass::transform::PitchLinearStripminedThreadMap<cutlass::layout::PitchLinearShape<int=8, int=128>, int=256, int=1>>, int=4>, cutlass::transform::threadblock::PredicatedTileIterator<cutlass::MatrixShape<int=8, int=128>, float, cutlass::layout::RowMajor, int=0, cutlass::transform::PitchLinearStripminedThreadMap<cutlass::layout::PitchLinearShape<int=128, int=8>, int=256, int=1>, int=1>, cutlass::transform::threadblock::RegularTileIterator<cutlass::MatrixShape<int=8, int=128>, float, cutlass::layout::RowMajor, int=0, cutlass::transform::PitchLinearStripminedThreadMap<cutlass::layout::PitchLinearShape<int=128, int=8>, int=256, int=1>, int=4>, float, cutlass::layout::RowMajor, cutlass::gemm::threadblock::MmaPolicy<cutlass::gemm::warp::MmaSimt<cutlass::gemm::GemmShape<int=32, int=64, int=8>, float, cutlass::layout::ColumnMajor, float, cutlass::layout::RowMajor, float, cutlass::layout::RowMajor, cutlass::gemm::warp::MmaSimtPolicy<cutlass::MatrixShape<int=4, int=8>, cutlass::layout::RowMajorInterleaved<int=2>, cutlass::gemm::GemmShape<int=4, int=4, int=1>>, int=1, bool>, cutlass::MatrixShape<int=4, int=0>, cutlass::MatrixShape<int=0, int=0>, int=1>, cutlass::NumericArrayConverter<float, float, int=4, cutlass::FloatRoundStyle>, cutlass::NumericArrayConverter<float, float, int=4, cutlass::FloatRoundStyle>, bool>, cutlass::epilogue::threadblock::Epilogue<cutlass::gemm::GemmShape<int=128, int=128, int=8>, cutlass::gemm::warp::MmaSimt<cutlass::gemm::GemmShape<int=32, int=64, int=8>, float, cutlass::layout::ColumnMajor, float, cutlass::layout::RowMajor, float, cutlass::layout::RowMajor, cutlass::gemm::warp::MmaSimtPolicy<cutlass::MatrixShape<int=4, int=8>, cutlass::layout::RowMajorInterleaved<int=2>, cutlass::gemm::GemmShape<int=4, int=4, int=1>>, int=1, bool>, int=1, cutlass::epilogue::threadblock::PredicatedTileIterator<cutlass::epilogue::threadblock::OutputTileOptimalThreadMap<cutlass::epilogue::threadblock::OutputTileShape<int=128, int=1, int=4, int=4, int=1>, cutlass::epilogue::threadblock::OutputTileShape<int=1, int=4, int=2, int=1, int=8>, int=256, int=1, int=32>, float>, cutlass::epilogue::warp::FragmentIteratorSimt<cutlass::gemm::GemmShape<int=32, int=64, int=8>, cutlass::gemm::thread::Mma<cutlass::gemm::GemmShape<int=8, int=8, int=1>, float, cutlass::layout::ColumnMajor, float, cutlass::layout::RowMajor, float, cutlass::layout::RowMajor, cutlass::arch::OpMultiplyAdd, bool>, cutlass::layout::RowMajor, cutlass::gemm::warp::MmaSimtPolicy<cutlass::MatrixShape<int=4, int=8>, cutlass::layout::RowMajorInterleaved<int=2>, cutlass::gemm::GemmShape<int=4, int=4, int=1>>>, cutlass::epilogue::warp::TileIteratorSimt<cutlass::gemm::GemmShape<int=32, int=64, int=8>, cutlass::gemm::thread::Mma<cutlass::gemm::GemmShape<int=8, int=8, int=1>, float, cutlass::layout::ColumnMajor, float, cutlass::layout::RowMajor, float, cutlass::layout::RowMajor, cutlass::arch::OpMultiplyAdd, bool>, float, cutlass::layout::RowMajor, cutlass::gemm::warp::MmaSimtPolicy<cutlass::MatrixShape<int=4, int=8>, cutlass::layout::RowMajorInterleaved<int=2>, cutlass::gemm::GemmShape<int=4, int=4, int=1>>>, cutlass::epilogue::threadblock::SharedLoadIterator<cutlass::epilogue::threadblock::OutputTileOptimalThreadMap<cutlass::epilogue::threadblock::OutputTileShape<int=128, int=1, int=4, int=4, int=1>::CompactedThreadMap, cutlass::epilogue::threadblock::OutputTileShape<int=1, int=4, int=2, int=1, int=8>, int=256, int=1, int=32>, float, int=4>, cutlass::epilogue::thread::LinearCombination<float",101,"dram_read_bytes","Total bytes read from DRAM to L2 cache",1019291360,1334661728,1025159168
"Tesla V100-PCIE-32GB (0)","void cutlass::Kernel<cutlass::gemm::kernel::Gemm<cutlass::gemm::threadblock::MmaPipelined<cutlass::gemm::GemmShape<int=128, int=128, int=8>, cutlass::transform::threadblock::PredicatedTileIterator<cutlass::MatrixShape<int=128, int=8>, float, cutlass::layout::RowMajor, int=1, cutlass::transform::PitchLinearStripminedThreadMap<cutlass::layout::PitchLinearShape<int=8, int=128>, int=256, int=1>, int=1>, cutlass::transform::threadblock::RegularTileIterator<cutlass::MatrixShape<int=128, int=8>, float, cutlass::layout::ColumnMajor, int=1, cutlass::transform::TransposePitchLinearThreadMapSimt<cutlass::transform::PitchLinearStripminedThreadMap<cutlass::layout::PitchLinearShape<int=8, int=128>, int=256, int=1>>, int=4>, cutlass::transform::threadblock::PredicatedTileIterator<cutlass::MatrixShape<int=8, int=128>, float, cutlass::layout::RowMajor, int=0, cutlass::transform::PitchLinearStripminedThreadMap<cutlass::layout::PitchLinearShape<int=128, int=8>, int=256, int=1>, int=1>, cutlass::transform::threadblock::RegularTileIterator<cutlass::MatrixShape<int=8, int=128>, float, cutlass::layout::RowMajor, int=0, cutlass::transform::PitchLinearStripminedThreadMap<cutlass::layout::PitchLinearShape<int=128, int=8>, int=256, int=1>, int=4>, float, cutlass::layout::RowMajor, cutlass::gemm::threadblock::MmaPolicy<cutlass::gemm::warp::MmaSimt<cutlass::gemm::GemmShape<int=32, int=64, int=8>, float, cutlass::layout::ColumnMajor, float, cutlass::layout::RowMajor, float, cutlass::layout::RowMajor, cutlass::gemm::warp::MmaSimtPolicy<cutlass::MatrixShape<int=4, int=8>, cutlass::layout::RowMajorInterleaved<int=2>, cutlass::gemm::GemmShape<int=4, int=4, int=1>>, int=1, bool>, cutlass::MatrixShape<int=4, int=0>, cutlass::MatrixShape<int=0, int=0>, int=1>, cutlass::NumericArrayConverter<float, float, int=4, cutlass::FloatRoundStyle>, cutlass::NumericArrayConverter<float, float, int=4, cutlass::FloatRoundStyle>, bool>, cutlass::epilogue::threadblock::Epilogue<cutlass::gemm::GemmShape<int=128, int=128, int=8>, cutlass::gemm::warp::MmaSimt<cutlass::gemm::GemmShape<int=32, int=64, int=8>, float, cutlass::layout::ColumnMajor, float, cutlass::layout::RowMajor, float, cutlass::layout::RowMajor, cutlass::gemm::warp::MmaSimtPolicy<cutlass::MatrixShape<int=4, int=8>, cutlass::layout::RowMajorInterleaved<int=2>, cutlass::gemm::GemmShape<int=4, int=4, int=1>>, int=1, bool>, int=1, cutlass::epilogue::threadblock::PredicatedTileIterator<cutlass::epilogue::threadblock::OutputTileOptimalThreadMap<cutlass::epilogue::threadblock::OutputTileShape<int=128, int=1, int=4, int=4, int=1>, cutlass::epilogue::threadblock::OutputTileShape<int=1, int=4, int=2, int=1, int=8>, int=256, int=1, int=32>, float>, cutlass::epilogue::warp::FragmentIteratorSimt<cutlass::gemm::GemmShape<int=32, int=64, int=8>, cutlass::gemm::thread::Mma<cutlass::gemm::GemmShape<int=8, int=8, int=1>, float, cutlass::layout::ColumnMajor, float, cutlass::layout::RowMajor, float, cutlass::layout::RowMajor, cutlass::arch::OpMultiplyAdd, bool>, cutlass::layout::RowMajor, cutlass::gemm::warp::MmaSimtPolicy<cutlass::MatrixShape<int=4, int=8>, cutlass::layout::RowMajorInterleaved<int=2>, cutlass::gemm::GemmShape<int=4, int=4, int=1>>>, cutlass::epilogue::warp::TileIteratorSimt<cutlass::gemm::GemmShape<int=32, int=64, int=8>, cutlass::gemm::thread::Mma<cutlass::gemm::GemmShape<int=8, int=8, int=1>, float, cutlass::layout::ColumnMajor, float, cutlass::layout::RowMajor, float, cutlass::layout::RowMajor, cutlass::arch::OpMultiplyAdd, bool>, float, cutlass::layout::RowMajor, cutlass::gemm::warp::MmaSimtPolicy<cutlass::MatrixShape<int=4, int=8>, cutlass::layout::RowMajorInterleaved<int=2>, cutlass::gemm::GemmShape<int=4, int=4, int=1>>>, cutlass::epilogue::threadblock::SharedLoadIterator<cutlass::epilogue::threadblock::OutputTileOptimalThreadMap<cutlass::epilogue::threadblock::OutputTileShape<int=128, int=1, int=4, int=4, int=1>::CompactedThreadMap, cutlass::epilogue::threadblock::OutputTileShape<int=1, int=4, int=2, int=1, int=8>, int=256, int=1, int=32>, float, int=4>, cutlass::epilogue::thread::LinearCombination<float",101,"dram_read_transactions","Device Memory Read Transactions",31852855,41708179,32036224
"Tesla V100-PCIE-32GB (0)","void cutlass::Kernel<cutlass::gemm::kernel::Gemm<cutlass::gemm::threadblock::MmaPipelined<cutlass::gemm::GemmShape<int=128, int=128, int=8>, cutlass::transform::threadblock::PredicatedTileIterator<cutlass::MatrixShape<int=128, int=8>, float, cutlass::layout::RowMajor, int=1, cutlass::transform::PitchLinearStripminedThreadMap<cutlass::layout::PitchLinearShape<int=8, int=128>, int=256, int=1>, int=1>, cutlass::transform::threadblock::RegularTileIterator<cutlass::MatrixShape<int=128, int=8>, float, cutlass::layout::ColumnMajor, int=1, cutlass::transform::TransposePitchLinearThreadMapSimt<cutlass::transform::PitchLinearStripminedThreadMap<cutlass::layout::PitchLinearShape<int=8, int=128>, int=256, int=1>>, int=4>, cutlass::transform::threadblock::PredicatedTileIterator<cutlass::MatrixShape<int=8, int=128>, float, cutlass::layout::RowMajor, int=0, cutlass::transform::PitchLinearStripminedThreadMap<cutlass::layout::PitchLinearShape<int=128, int=8>, int=256, int=1>, int=1>, cutlass::transform::threadblock::RegularTileIterator<cutlass::MatrixShape<int=8, int=128>, float, cutlass::layout::RowMajor, int=0, cutlass::transform::PitchLinearStripminedThreadMap<cutlass::layout::PitchLinearShape<int=128, int=8>, int=256, int=1>, int=4>, float, cutlass::layout::RowMajor, cutlass::gemm::threadblock::MmaPolicy<cutlass::gemm::warp::MmaSimt<cutlass::gemm::GemmShape<int=32, int=64, int=8>, float, cutlass::layout::ColumnMajor, float, cutlass::layout::RowMajor, float, cutlass::layout::RowMajor, cutlass::gemm::warp::MmaSimtPolicy<cutlass::MatrixShape<int=4, int=8>, cutlass::layout::RowMajorInterleaved<int=2>, cutlass::gemm::GemmShape<int=4, int=4, int=1>>, int=1, bool>, cutlass::MatrixShape<int=4, int=0>, cutlass::MatrixShape<int=0, int=0>, int=1>, cutlass::NumericArrayConverter<float, float, int=4, cutlass::FloatRoundStyle>, cutlass::NumericArrayConverter<float, float, int=4, cutlass::FloatRoundStyle>, bool>, cutlass::epilogue::threadblock::Epilogue<cutlass::gemm::GemmShape<int=128, int=128, int=8>, cutlass::gemm::warp::MmaSimt<cutlass::gemm::GemmShape<int=32, int=64, int=8>, float, cutlass::layout::ColumnMajor, float, cutlass::layout::RowMajor, float, cutlass::layout::RowMajor, cutlass::gemm::warp::MmaSimtPolicy<cutlass::MatrixShape<int=4, int=8>, cutlass::layout::RowMajorInterleaved<int=2>, cutlass::gemm::GemmShape<int=4, int=4, int=1>>, int=1, bool>, int=1, cutlass::epilogue::threadblock::PredicatedTileIterator<cutlass::epilogue::threadblock::OutputTileOptimalThreadMap<cutlass::epilogue::threadblock::OutputTileShape<int=128, int=1, int=4, int=4, int=1>, cutlass::epilogue::threadblock::OutputTileShape<int=1, int=4, int=2, int=1, int=8>, int=256, int=1, int=32>, float>, cutlass::epilogue::warp::FragmentIteratorSimt<cutlass::gemm::GemmShape<int=32, int=64, int=8>, cutlass::gemm::thread::Mma<cutlass::gemm::GemmShape<int=8, int=8, int=1>, float, cutlass::layout::ColumnMajor, float, cutlass::layout::RowMajor, float, cutlass::layout::RowMajor, cutlass::arch::OpMultiplyAdd, bool>, cutlass::layout::RowMajor, cutlass::gemm::warp::MmaSimtPolicy<cutlass::MatrixShape<int=4, int=8>, cutlass::layout::RowMajorInterleaved<int=2>, cutlass::gemm::GemmShape<int=4, int=4, int=1>>>, cutlass::epilogue::warp::TileIteratorSimt<cutlass::gemm::GemmShape<int=32, int=64, int=8>, cutlass::gemm::thread::Mma<cutlass::gemm::GemmShape<int=8, int=8, int=1>, float, cutlass::layout::ColumnMajor, float, cutlass::layout::RowMajor, float, cutlass::layout::RowMajor, cutlass::arch::OpMultiplyAdd, bool>, float, cutlass::layout::RowMajor, cutlass::gemm::warp::MmaSimtPolicy<cutlass::MatrixShape<int=4, int=8>, cutlass::layout::RowMajorInterleaved<int=2>, cutlass::gemm::GemmShape<int=4, int=4, int=1>>>, cutlass::epilogue::threadblock::SharedLoadIterator<cutlass::epilogue::threadblock::OutputTileOptimalThreadMap<cutlass::epilogue::threadblock::OutputTileShape<int=128, int=1, int=4, int=4, int=1>::CompactedThreadMap, cutlass::epilogue::threadblock::OutputTileShape<int=1, int=4, int=2, int=1, int=8>, int=256, int=1, int=32>, float, int=4>, cutlass::epilogue::thread::LinearCombination<float",101,"dram_write_transactions","Device Memory Write Transactions",2096197,2110690,2100305
"Tesla V100-PCIE-32GB (0)","void cutlass::Kernel<cutlass::gemm::kernel::Gemm<cutlass::gemm::threadblock::MmaPipelined<cutlass::gemm::GemmShape<int=128, int=128, int=8>, cutlass::transform::threadblock::PredicatedTileIterator<cutlass::MatrixShape<int=128, int=8>, float, cutlass::layout::RowMajor, int=1, cutlass::transform::PitchLinearStripminedThreadMap<cutlass::layout::PitchLinearShape<int=8, int=128>, int=256, int=1>, int=1>, cutlass::transform::threadblock::RegularTileIterator<cutlass::MatrixShape<int=128, int=8>, float, cutlass::layout::ColumnMajor, int=1, cutlass::transform::TransposePitchLinearThreadMapSimt<cutlass::transform::PitchLinearStripminedThreadMap<cutlass::layout::PitchLinearShape<int=8, int=128>, int=256, int=1>>, int=4>, cutlass::transform::threadblock::PredicatedTileIterator<cutlass::MatrixShape<int=8, int=128>, float, cutlass::layout::RowMajor, int=0, cutlass::transform::PitchLinearStripminedThreadMap<cutlass::layout::PitchLinearShape<int=128, int=8>, int=256, int=1>, int=1>, cutlass::transform::threadblock::RegularTileIterator<cutlass::MatrixShape<int=8, int=128>, float, cutlass::layout::RowMajor, int=0, cutlass::transform::PitchLinearStripminedThreadMap<cutlass::layout::PitchLinearShape<int=128, int=8>, int=256, int=1>, int=4>, float, cutlass::layout::RowMajor, cutlass::gemm::threadblock::MmaPolicy<cutlass::gemm::warp::MmaSimt<cutlass::gemm::GemmShape<int=32, int=64, int=8>, float, cutlass::layout::ColumnMajor, float, cutlass::layout::RowMajor, float, cutlass::layout::RowMajor, cutlass::gemm::warp::MmaSimtPolicy<cutlass::MatrixShape<int=4, int=8>, cutlass::layout::RowMajorInterleaved<int=2>, cutlass::gemm::GemmShape<int=4, int=4, int=1>>, int=1, bool>, cutlass::MatrixShape<int=4, int=0>, cutlass::MatrixShape<int=0, int=0>, int=1>, cutlass::NumericArrayConverter<float, float, int=4, cutlass::FloatRoundStyle>, cutlass::NumericArrayConverter<float, float, int=4, cutlass::FloatRoundStyle>, bool>, cutlass::epilogue::threadblock::Epilogue<cutlass::gemm::GemmShape<int=128, int=128, int=8>, cutlass::gemm::warp::MmaSimt<cutlass::gemm::GemmShape<int=32, int=64, int=8>, float, cutlass::layout::ColumnMajor, float, cutlass::layout::RowMajor, float, cutlass::layout::RowMajor, cutlass::gemm::warp::MmaSimtPolicy<cutlass::MatrixShape<int=4, int=8>, cutlass::layout::RowMajorInterleaved<int=2>, cutlass::gemm::GemmShape<int=4, int=4, int=1>>, int=1, bool>, int=1, cutlass::epilogue::threadblock::PredicatedTileIterator<cutlass::epilogue::threadblock::OutputTileOptimalThreadMap<cutlass::epilogue::threadblock::OutputTileShape<int=128, int=1, int=4, int=4, int=1>, cutlass::epilogue::threadblock::OutputTileShape<int=1, int=4, int=2, int=1, int=8>, int=256, int=1, int=32>, float>, cutlass::epilogue::warp::FragmentIteratorSimt<cutlass::gemm::GemmShape<int=32, int=64, int=8>, cutlass::gemm::thread::Mma<cutlass::gemm::GemmShape<int=8, int=8, int=1>, float, cutlass::layout::ColumnMajor, float, cutlass::layout::RowMajor, float, cutlass::layout::RowMajor, cutlass::arch::OpMultiplyAdd, bool>, cutlass::layout::RowMajor, cutlass::gemm::warp::MmaSimtPolicy<cutlass::MatrixShape<int=4, int=8>, cutlass::layout::RowMajorInterleaved<int=2>, cutlass::gemm::GemmShape<int=4, int=4, int=1>>>, cutlass::epilogue::warp::TileIteratorSimt<cutlass::gemm::GemmShape<int=32, int=64, int=8>, cutlass::gemm::thread::Mma<cutlass::gemm::GemmShape<int=8, int=8, int=1>, float, cutlass::layout::ColumnMajor, float, cutlass::layout::RowMajor, float, cutlass::layout::RowMajor, cutlass::arch::OpMultiplyAdd, bool>, float, cutlass::layout::RowMajor, cutlass::gemm::warp::MmaSimtPolicy<cutlass::MatrixShape<int=4, int=8>, cutlass::layout::RowMajorInterleaved<int=2>, cutlass::gemm::GemmShape<int=4, int=4, int=1>>>, cutlass::epilogue::threadblock::SharedLoadIterator<cutlass::epilogue::threadblock::OutputTileOptimalThreadMap<cutlass::epilogue::threadblock::OutputTileShape<int=128, int=1, int=4, int=4, int=1>::CompactedThreadMap, cutlass::epilogue::threadblock::OutputTileShape<int=1, int=4, int=2, int=1, int=8>, int=256, int=1, int=32>, float, int=4>, cutlass::epilogue::thread::LinearCombination<float",101,"local_memory_overhead","Local Memory Overhead",1.548594%,1.550172%,1.549474%
"Tesla V100-PCIE-32GB (0)","void cutlass::Kernel<cutlass::gemm::kernel::Gemm<cutlass::gemm::threadblock::MmaPipelined<cutlass::gemm::GemmShape<int=128, int=128, int=8>, cutlass::transform::threadblock::PredicatedTileIterator<cutlass::MatrixShape<int=128, int=8>, float, cutlass::layout::RowMajor, int=1, cutlass::transform::PitchLinearStripminedThreadMap<cutlass::layout::PitchLinearShape<int=8, int=128>, int=256, int=1>, int=1>, cutlass::transform::threadblock::RegularTileIterator<cutlass::MatrixShape<int=128, int=8>, float, cutlass::layout::ColumnMajor, int=1, cutlass::transform::TransposePitchLinearThreadMapSimt<cutlass::transform::PitchLinearStripminedThreadMap<cutlass::layout::PitchLinearShape<int=8, int=128>, int=256, int=1>>, int=4>, cutlass::transform::threadblock::PredicatedTileIterator<cutlass::MatrixShape<int=8, int=128>, float, cutlass::layout::RowMajor, int=0, cutlass::transform::PitchLinearStripminedThreadMap<cutlass::layout::PitchLinearShape<int=128, int=8>, int=256, int=1>, int=1>, cutlass::transform::threadblock::RegularTileIterator<cutlass::MatrixShape<int=8, int=128>, float, cutlass::layout::RowMajor, int=0, cutlass::transform::PitchLinearStripminedThreadMap<cutlass::layout::PitchLinearShape<int=128, int=8>, int=256, int=1>, int=4>, float, cutlass::layout::RowMajor, cutlass::gemm::threadblock::MmaPolicy<cutlass::gemm::warp::MmaSimt<cutlass::gemm::GemmShape<int=32, int=64, int=8>, float, cutlass::layout::ColumnMajor, float, cutlass::layout::RowMajor, float, cutlass::layout::RowMajor, cutlass::gemm::warp::MmaSimtPolicy<cutlass::MatrixShape<int=4, int=8>, cutlass::layout::RowMajorInterleaved<int=2>, cutlass::gemm::GemmShape<int=4, int=4, int=1>>, int=1, bool>, cutlass::MatrixShape<int=4, int=0>, cutlass::MatrixShape<int=0, int=0>, int=1>, cutlass::NumericArrayConverter<float, float, int=4, cutlass::FloatRoundStyle>, cutlass::NumericArrayConverter<float, float, int=4, cutlass::FloatRoundStyle>, bool>, cutlass::epilogue::threadblock::Epilogue<cutlass::gemm::GemmShape<int=128, int=128, int=8>, cutlass::gemm::warp::MmaSimt<cutlass::gemm::GemmShape<int=32, int=64, int=8>, float, cutlass::layout::ColumnMajor, float, cutlass::layout::RowMajor, float, cutlass::layout::RowMajor, cutlass::gemm::warp::MmaSimtPolicy<cutlass::MatrixShape<int=4, int=8>, cutlass::layout::RowMajorInterleaved<int=2>, cutlass::gemm::GemmShape<int=4, int=4, int=1>>, int=1, bool>, int=1, cutlass::epilogue::threadblock::PredicatedTileIterator<cutlass::epilogue::threadblock::OutputTileOptimalThreadMap<cutlass::epilogue::threadblock::OutputTileShape<int=128, int=1, int=4, int=4, int=1>, cutlass::epilogue::threadblock::OutputTileShape<int=1, int=4, int=2, int=1, int=8>, int=256, int=1, int=32>, float>, cutlass::epilogue::warp::FragmentIteratorSimt<cutlass::gemm::GemmShape<int=32, int=64, int=8>, cutlass::gemm::thread::Mma<cutlass::gemm::GemmShape<int=8, int=8, int=1>, float, cutlass::layout::ColumnMajor, float, cutlass::layout::RowMajor, float, cutlass::layout::RowMajor, cutlass::arch::OpMultiplyAdd, bool>, cutlass::layout::RowMajor, cutlass::gemm::warp::MmaSimtPolicy<cutlass::MatrixShape<int=4, int=8>, cutlass::layout::RowMajorInterleaved<int=2>, cutlass::gemm::GemmShape<int=4, int=4, int=1>>>, cutlass::epilogue::warp::TileIteratorSimt<cutlass::gemm::GemmShape<int=32, int=64, int=8>, cutlass::gemm::thread::Mma<cutlass::gemm::GemmShape<int=8, int=8, int=1>, float, cutlass::layout::ColumnMajor, float, cutlass::layout::RowMajor, float, cutlass::layout::RowMajor, cutlass::arch::OpMultiplyAdd, bool>, float, cutlass::layout::RowMajor, cutlass::gemm::warp::MmaSimtPolicy<cutlass::MatrixShape<int=4, int=8>, cutlass::layout::RowMajorInterleaved<int=2>, cutlass::gemm::GemmShape<int=4, int=4, int=1>>>, cutlass::epilogue::threadblock::SharedLoadIterator<cutlass::epilogue::threadblock::OutputTileOptimalThreadMap<cutlass::epilogue::threadblock::OutputTileShape<int=128, int=1, int=4, int=4, int=1>::CompactedThreadMap, cutlass::epilogue::threadblock::OutputTileShape<int=1, int=4, int=2, int=1, int=8>, int=256, int=1, int=32>, float, int=4>, cutlass::epilogue::thread::LinearCombination<float",101,"shared_efficiency","Shared Memory Efficiency",40.174811%,40.175444%,40.175037%
"Tesla V100-PCIE-32GB (0)","void cutlass::Kernel<cutlass::gemm::kernel::Gemm<cutlass::gemm::threadblock::MmaPipelined<cutlass::gemm::GemmShape<int=128, int=128, int=8>, cutlass::transform::threadblock::PredicatedTileIterator<cutlass::MatrixShape<int=128, int=8>, float, cutlass::layout::RowMajor, int=1, cutlass::transform::PitchLinearStripminedThreadMap<cutlass::layout::PitchLinearShape<int=8, int=128>, int=256, int=1>, int=1>, cutlass::transform::threadblock::RegularTileIterator<cutlass::MatrixShape<int=128, int=8>, float, cutlass::layout::ColumnMajor, int=1, cutlass::transform::TransposePitchLinearThreadMapSimt<cutlass::transform::PitchLinearStripminedThreadMap<cutlass::layout::PitchLinearShape<int=8, int=128>, int=256, int=1>>, int=4>, cutlass::transform::threadblock::PredicatedTileIterator<cutlass::MatrixShape<int=8, int=128>, float, cutlass::layout::RowMajor, int=0, cutlass::transform::PitchLinearStripminedThreadMap<cutlass::layout::PitchLinearShape<int=128, int=8>, int=256, int=1>, int=1>, cutlass::transform::threadblock::RegularTileIterator<cutlass::MatrixShape<int=8, int=128>, float, cutlass::layout::RowMajor, int=0, cutlass::transform::PitchLinearStripminedThreadMap<cutlass::layout::PitchLinearShape<int=128, int=8>, int=256, int=1>, int=4>, float, cutlass::layout::RowMajor, cutlass::gemm::threadblock::MmaPolicy<cutlass::gemm::warp::MmaSimt<cutlass::gemm::GemmShape<int=32, int=64, int=8>, float, cutlass::layout::ColumnMajor, float, cutlass::layout::RowMajor, float, cutlass::layout::RowMajor, cutlass::gemm::warp::MmaSimtPolicy<cutlass::MatrixShape<int=4, int=8>, cutlass::layout::RowMajorInterleaved<int=2>, cutlass::gemm::GemmShape<int=4, int=4, int=1>>, int=1, bool>, cutlass::MatrixShape<int=4, int=0>, cutlass::MatrixShape<int=0, int=0>, int=1>, cutlass::NumericArrayConverter<float, float, int=4, cutlass::FloatRoundStyle>, cutlass::NumericArrayConverter<float, float, int=4, cutlass::FloatRoundStyle>, bool>, cutlass::epilogue::threadblock::Epilogue<cutlass::gemm::GemmShape<int=128, int=128, int=8>, cutlass::gemm::warp::MmaSimt<cutlass::gemm::GemmShape<int=32, int=64, int=8>, float, cutlass::layout::ColumnMajor, float, cutlass::layout::RowMajor, float, cutlass::layout::RowMajor, cutlass::gemm::warp::MmaSimtPolicy<cutlass::MatrixShape<int=4, int=8>, cutlass::layout::RowMajorInterleaved<int=2>, cutlass::gemm::GemmShape<int=4, int=4, int=1>>, int=1, bool>, int=1, cutlass::epilogue::threadblock::PredicatedTileIterator<cutlass::epilogue::threadblock::OutputTileOptimalThreadMap<cutlass::epilogue::threadblock::OutputTileShape<int=128, int=1, int=4, int=4, int=1>, cutlass::epilogue::threadblock::OutputTileShape<int=1, int=4, int=2, int=1, int=8>, int=256, int=1, int=32>, float>, cutlass::epilogue::warp::FragmentIteratorSimt<cutlass::gemm::GemmShape<int=32, int=64, int=8>, cutlass::gemm::thread::Mma<cutlass::gemm::GemmShape<int=8, int=8, int=1>, float, cutlass::layout::ColumnMajor, float, cutlass::layout::RowMajor, float, cutlass::layout::RowMajor, cutlass::arch::OpMultiplyAdd, bool>, cutlass::layout::RowMajor, cutlass::gemm::warp::MmaSimtPolicy<cutlass::MatrixShape<int=4, int=8>, cutlass::layout::RowMajorInterleaved<int=2>, cutlass::gemm::GemmShape<int=4, int=4, int=1>>>, cutlass::epilogue::warp::TileIteratorSimt<cutlass::gemm::GemmShape<int=32, int=64, int=8>, cutlass::gemm::thread::Mma<cutlass::gemm::GemmShape<int=8, int=8, int=1>, float, cutlass::layout::ColumnMajor, float, cutlass::layout::RowMajor, float, cutlass::layout::RowMajor, cutlass::arch::OpMultiplyAdd, bool>, float, cutlass::layout::RowMajor, cutlass::gemm::warp::MmaSimtPolicy<cutlass::MatrixShape<int=4, int=8>, cutlass::layout::RowMajorInterleaved<int=2>, cutlass::gemm::GemmShape<int=4, int=4, int=1>>>, cutlass::epilogue::threadblock::SharedLoadIterator<cutlass::epilogue::threadblock::OutputTileOptimalThreadMap<cutlass::epilogue::threadblock::OutputTileShape<int=128, int=1, int=4, int=4, int=1>::CompactedThreadMap, cutlass::epilogue::threadblock::OutputTileShape<int=1, int=4, int=2, int=1, int=8>, int=256, int=1, int=32>, float, int=4>, cutlass::epilogue::thread::LinearCombination<float",101,"shared_utilization","Shared Memory Utilization","Low (3)","Low (3)","Low (3)"
"Tesla V100-PCIE-32GB (0)","void cutlass::Kernel<cutlass::gemm::kernel::Gemm<cutlass::gemm::threadblock::MmaPipelined<cutlass::gemm::GemmShape<int=128, int=128, int=8>, cutlass::transform::threadblock::PredicatedTileIterator<cutlass::MatrixShape<int=128, int=8>, float, cutlass::layout::RowMajor, int=1, cutlass::transform::PitchLinearStripminedThreadMap<cutlass::layout::PitchLinearShape<int=8, int=128>, int=256, int=1>, int=1>, cutlass::transform::threadblock::RegularTileIterator<cutlass::MatrixShape<int=128, int=8>, float, cutlass::layout::ColumnMajor, int=1, cutlass::transform::TransposePitchLinearThreadMapSimt<cutlass::transform::PitchLinearStripminedThreadMap<cutlass::layout::PitchLinearShape<int=8, int=128>, int=256, int=1>>, int=4>, cutlass::transform::threadblock::PredicatedTileIterator<cutlass::MatrixShape<int=8, int=128>, float, cutlass::layout::RowMajor, int=0, cutlass::transform::PitchLinearStripminedThreadMap<cutlass::layout::PitchLinearShape<int=128, int=8>, int=256, int=1>, int=1>, cutlass::transform::threadblock::RegularTileIterator<cutlass::MatrixShape<int=8, int=128>, float, cutlass::layout::RowMajor, int=0, cutlass::transform::PitchLinearStripminedThreadMap<cutlass::layout::PitchLinearShape<int=128, int=8>, int=256, int=1>, int=4>, float, cutlass::layout::RowMajor, cutlass::gemm::threadblock::MmaPolicy<cutlass::gemm::warp::MmaSimt<cutlass::gemm::GemmShape<int=32, int=64, int=8>, float, cutlass::layout::ColumnMajor, float, cutlass::layout::RowMajor, float, cutlass::layout::RowMajor, cutlass::gemm::warp::MmaSimtPolicy<cutlass::MatrixShape<int=4, int=8>, cutlass::layout::RowMajorInterleaved<int=2>, cutlass::gemm::GemmShape<int=4, int=4, int=1>>, int=1, bool>, cutlass::MatrixShape<int=4, int=0>, cutlass::MatrixShape<int=0, int=0>, int=1>, cutlass::NumericArrayConverter<float, float, int=4, cutlass::FloatRoundStyle>, cutlass::NumericArrayConverter<float, float, int=4, cutlass::FloatRoundStyle>, bool>, cutlass::epilogue::threadblock::Epilogue<cutlass::gemm::GemmShape<int=128, int=128, int=8>, cutlass::gemm::warp::MmaSimt<cutlass::gemm::GemmShape<int=32, int=64, int=8>, float, cutlass::layout::ColumnMajor, float, cutlass::layout::RowMajor, float, cutlass::layout::RowMajor, cutlass::gemm::warp::MmaSimtPolicy<cutlass::MatrixShape<int=4, int=8>, cutlass::layout::RowMajorInterleaved<int=2>, cutlass::gemm::GemmShape<int=4, int=4, int=1>>, int=1, bool>, int=1, cutlass::epilogue::threadblock::PredicatedTileIterator<cutlass::epilogue::threadblock::OutputTileOptimalThreadMap<cutlass::epilogue::threadblock::OutputTileShape<int=128, int=1, int=4, int=4, int=1>, cutlass::epilogue::threadblock::OutputTileShape<int=1, int=4, int=2, int=1, int=8>, int=256, int=1, int=32>, float>, cutlass::epilogue::warp::FragmentIteratorSimt<cutlass::gemm::GemmShape<int=32, int=64, int=8>, cutlass::gemm::thread::Mma<cutlass::gemm::GemmShape<int=8, int=8, int=1>, float, cutlass::layout::ColumnMajor, float, cutlass::layout::RowMajor, float, cutlass::layout::RowMajor, cutlass::arch::OpMultiplyAdd, bool>, cutlass::layout::RowMajor, cutlass::gemm::warp::MmaSimtPolicy<cutlass::MatrixShape<int=4, int=8>, cutlass::layout::RowMajorInterleaved<int=2>, cutlass::gemm::GemmShape<int=4, int=4, int=1>>>, cutlass::epilogue::warp::TileIteratorSimt<cutlass::gemm::GemmShape<int=32, int=64, int=8>, cutlass::gemm::thread::Mma<cutlass::gemm::GemmShape<int=8, int=8, int=1>, float, cutlass::layout::ColumnMajor, float, cutlass::layout::RowMajor, float, cutlass::layout::RowMajor, cutlass::arch::OpMultiplyAdd, bool>, float, cutlass::layout::RowMajor, cutlass::gemm::warp::MmaSimtPolicy<cutlass::MatrixShape<int=4, int=8>, cutlass::layout::RowMajorInterleaved<int=2>, cutlass::gemm::GemmShape<int=4, int=4, int=1>>>, cutlass::epilogue::threadblock::SharedLoadIterator<cutlass::epilogue::threadblock::OutputTileOptimalThreadMap<cutlass::epilogue::threadblock::OutputTileShape<int=128, int=1, int=4, int=4, int=1>::CompactedThreadMap, cutlass::epilogue::threadblock::OutputTileShape<int=1, int=4, int=2, int=1, int=8>, int=256, int=1, int=32>, float, int=4>, cutlass::epilogue::thread::LinearCombination<float",101,"l2_utilization","L2 Cache Utilization","Low (1)","Low (1)","Low (1)"
"Tesla V100-PCIE-32GB (0)","void cutlass::Kernel<cutlass::gemm::kernel::Gemm<cutlass::gemm::threadblock::MmaPipelined<cutlass::gemm::GemmShape<int=128, int=128, int=8>, cutlass::transform::threadblock::PredicatedTileIterator<cutlass::MatrixShape<int=128, int=8>, float, cutlass::layout::RowMajor, int=1, cutlass::transform::PitchLinearStripminedThreadMap<cutlass::layout::PitchLinearShape<int=8, int=128>, int=256, int=1>, int=1>, cutlass::transform::threadblock::RegularTileIterator<cutlass::MatrixShape<int=128, int=8>, float, cutlass::layout::ColumnMajor, int=1, cutlass::transform::TransposePitchLinearThreadMapSimt<cutlass::transform::PitchLinearStripminedThreadMap<cutlass::layout::PitchLinearShape<int=8, int=128>, int=256, int=1>>, int=4>, cutlass::transform::threadblock::PredicatedTileIterator<cutlass::MatrixShape<int=8, int=128>, float, cutlass::layout::RowMajor, int=0, cutlass::transform::PitchLinearStripminedThreadMap<cutlass::layout::PitchLinearShape<int=128, int=8>, int=256, int=1>, int=1>, cutlass::transform::threadblock::RegularTileIterator<cutlass::MatrixShape<int=8, int=128>, float, cutlass::layout::RowMajor, int=0, cutlass::transform::PitchLinearStripminedThreadMap<cutlass::layout::PitchLinearShape<int=128, int=8>, int=256, int=1>, int=4>, float, cutlass::layout::RowMajor, cutlass::gemm::threadblock::MmaPolicy<cutlass::gemm::warp::MmaSimt<cutlass::gemm::GemmShape<int=32, int=64, int=8>, float, cutlass::layout::ColumnMajor, float, cutlass::layout::RowMajor, float, cutlass::layout::RowMajor, cutlass::gemm::warp::MmaSimtPolicy<cutlass::MatrixShape<int=4, int=8>, cutlass::layout::RowMajorInterleaved<int=2>, cutlass::gemm::GemmShape<int=4, int=4, int=1>>, int=1, bool>, cutlass::MatrixShape<int=4, int=0>, cutlass::MatrixShape<int=0, int=0>, int=1>, cutlass::NumericArrayConverter<float, float, int=4, cutlass::FloatRoundStyle>, cutlass::NumericArrayConverter<float, float, int=4, cutlass::FloatRoundStyle>, bool>, cutlass::epilogue::threadblock::Epilogue<cutlass::gemm::GemmShape<int=128, int=128, int=8>, cutlass::gemm::warp::MmaSimt<cutlass::gemm::GemmShape<int=32, int=64, int=8>, float, cutlass::layout::ColumnMajor, float, cutlass::layout::RowMajor, float, cutlass::layout::RowMajor, cutlass::gemm::warp::MmaSimtPolicy<cutlass::MatrixShape<int=4, int=8>, cutlass::layout::RowMajorInterleaved<int=2>, cutlass::gemm::GemmShape<int=4, int=4, int=1>>, int=1, bool>, int=1, cutlass::epilogue::threadblock::PredicatedTileIterator<cutlass::epilogue::threadblock::OutputTileOptimalThreadMap<cutlass::epilogue::threadblock::OutputTileShape<int=128, int=1, int=4, int=4, int=1>, cutlass::epilogue::threadblock::OutputTileShape<int=1, int=4, int=2, int=1, int=8>, int=256, int=1, int=32>, float>, cutlass::epilogue::warp::FragmentIteratorSimt<cutlass::gemm::GemmShape<int=32, int=64, int=8>, cutlass::gemm::thread::Mma<cutlass::gemm::GemmShape<int=8, int=8, int=1>, float, cutlass::layout::ColumnMajor, float, cutlass::layout::RowMajor, float, cutlass::layout::RowMajor, cutlass::arch::OpMultiplyAdd, bool>, cutlass::layout::RowMajor, cutlass::gemm::warp::MmaSimtPolicy<cutlass::MatrixShape<int=4, int=8>, cutlass::layout::RowMajorInterleaved<int=2>, cutlass::gemm::GemmShape<int=4, int=4, int=1>>>, cutlass::epilogue::warp::TileIteratorSimt<cutlass::gemm::GemmShape<int=32, int=64, int=8>, cutlass::gemm::thread::Mma<cutlass::gemm::GemmShape<int=8, int=8, int=1>, float, cutlass::layout::ColumnMajor, float, cutlass::layout::RowMajor, float, cutlass::layout::RowMajor, cutlass::arch::OpMultiplyAdd, bool>, float, cutlass::layout::RowMajor, cutlass::gemm::warp::MmaSimtPolicy<cutlass::MatrixShape<int=4, int=8>, cutlass::layout::RowMajorInterleaved<int=2>, cutlass::gemm::GemmShape<int=4, int=4, int=1>>>, cutlass::epilogue::threadblock::SharedLoadIterator<cutlass::epilogue::threadblock::OutputTileOptimalThreadMap<cutlass::epilogue::threadblock::OutputTileShape<int=128, int=1, int=4, int=4, int=1>::CompactedThreadMap, cutlass::epilogue::threadblock::OutputTileShape<int=1, int=4, int=2, int=1, int=8>, int=256, int=1, int=32>, float, int=4>, cutlass::epilogue::thread::LinearCombination<float",101,"ldst_issued","Issued Load/Store Instructions",258269184,258269184,258269184
"Tesla V100-PCIE-32GB (0)","void cutlass::Kernel<cutlass::gemm::kernel::Gemm<cutlass::gemm::threadblock::MmaPipelined<cutlass::gemm::GemmShape<int=128, int=128, int=8>, cutlass::transform::threadblock::PredicatedTileIterator<cutlass::MatrixShape<int=128, int=8>, float, cutlass::layout::RowMajor, int=1, cutlass::transform::PitchLinearStripminedThreadMap<cutlass::layout::PitchLinearShape<int=8, int=128>, int=256, int=1>, int=1>, cutlass::transform::threadblock::RegularTileIterator<cutlass::MatrixShape<int=128, int=8>, float, cutlass::layout::ColumnMajor, int=1, cutlass::transform::TransposePitchLinearThreadMapSimt<cutlass::transform::PitchLinearStripminedThreadMap<cutlass::layout::PitchLinearShape<int=8, int=128>, int=256, int=1>>, int=4>, cutlass::transform::threadblock::PredicatedTileIterator<cutlass::MatrixShape<int=8, int=128>, float, cutlass::layout::RowMajor, int=0, cutlass::transform::PitchLinearStripminedThreadMap<cutlass::layout::PitchLinearShape<int=128, int=8>, int=256, int=1>, int=1>, cutlass::transform::threadblock::RegularTileIterator<cutlass::MatrixShape<int=8, int=128>, float, cutlass::layout::RowMajor, int=0, cutlass::transform::PitchLinearStripminedThreadMap<cutlass::layout::PitchLinearShape<int=128, int=8>, int=256, int=1>, int=4>, float, cutlass::layout::RowMajor, cutlass::gemm::threadblock::MmaPolicy<cutlass::gemm::warp::MmaSimt<cutlass::gemm::GemmShape<int=32, int=64, int=8>, float, cutlass::layout::ColumnMajor, float, cutlass::layout::RowMajor, float, cutlass::layout::RowMajor, cutlass::gemm::warp::MmaSimtPolicy<cutlass::MatrixShape<int=4, int=8>, cutlass::layout::RowMajorInterleaved<int=2>, cutlass::gemm::GemmShape<int=4, int=4, int=1>>, int=1, bool>, cutlass::MatrixShape<int=4, int=0>, cutlass::MatrixShape<int=0, int=0>, int=1>, cutlass::NumericArrayConverter<float, float, int=4, cutlass::FloatRoundStyle>, cutlass::NumericArrayConverter<float, float, int=4, cutlass::FloatRoundStyle>, bool>, cutlass::epilogue::threadblock::Epilogue<cutlass::gemm::GemmShape<int=128, int=128, int=8>, cutlass::gemm::warp::MmaSimt<cutlass::gemm::GemmShape<int=32, int=64, int=8>, float, cutlass::layout::ColumnMajor, float, cutlass::layout::RowMajor, float, cutlass::layout::RowMajor, cutlass::gemm::warp::MmaSimtPolicy<cutlass::MatrixShape<int=4, int=8>, cutlass::layout::RowMajorInterleaved<int=2>, cutlass::gemm::GemmShape<int=4, int=4, int=1>>, int=1, bool>, int=1, cutlass::epilogue::threadblock::PredicatedTileIterator<cutlass::epilogue::threadblock::OutputTileOptimalThreadMap<cutlass::epilogue::threadblock::OutputTileShape<int=128, int=1, int=4, int=4, int=1>, cutlass::epilogue::threadblock::OutputTileShape<int=1, int=4, int=2, int=1, int=8>, int=256, int=1, int=32>, float>, cutlass::epilogue::warp::FragmentIteratorSimt<cutlass::gemm::GemmShape<int=32, int=64, int=8>, cutlass::gemm::thread::Mma<cutlass::gemm::GemmShape<int=8, int=8, int=1>, float, cutlass::layout::ColumnMajor, float, cutlass::layout::RowMajor, float, cutlass::layout::RowMajor, cutlass::arch::OpMultiplyAdd, bool>, cutlass::layout::RowMajor, cutlass::gemm::warp::MmaSimtPolicy<cutlass::MatrixShape<int=4, int=8>, cutlass::layout::RowMajorInterleaved<int=2>, cutlass::gemm::GemmShape<int=4, int=4, int=1>>>, cutlass::epilogue::warp::TileIteratorSimt<cutlass::gemm::GemmShape<int=32, int=64, int=8>, cutlass::gemm::thread::Mma<cutlass::gemm::GemmShape<int=8, int=8, int=1>, float, cutlass::layout::ColumnMajor, float, cutlass::layout::RowMajor, float, cutlass::layout::RowMajor, cutlass::arch::OpMultiplyAdd, bool>, float, cutlass::layout::RowMajor, cutlass::gemm::warp::MmaSimtPolicy<cutlass::MatrixShape<int=4, int=8>, cutlass::layout::RowMajorInterleaved<int=2>, cutlass::gemm::GemmShape<int=4, int=4, int=1>>>, cutlass::epilogue::threadblock::SharedLoadIterator<cutlass::epilogue::threadblock::OutputTileOptimalThreadMap<cutlass::epilogue::threadblock::OutputTileShape<int=128, int=1, int=4, int=4, int=1>::CompactedThreadMap, cutlass::epilogue::threadblock::OutputTileShape<int=1, int=4, int=2, int=1, int=8>, int=256, int=1, int=32>, float, int=4>, cutlass::epilogue::thread::LinearCombination<float",101,"ldst_executed","Executed Load/Store Instructions",258269184,258269184,258269184
"Tesla V100-PCIE-32GB (0)","void cutlass::Kernel<cutlass::gemm::kernel::Gemm<cutlass::gemm::threadblock::MmaPipelined<cutlass::gemm::GemmShape<int=128, int=128, int=8>, cutlass::transform::threadblock::PredicatedTileIterator<cutlass::MatrixShape<int=128, int=8>, float, cutlass::layout::RowMajor, int=1, cutlass::transform::PitchLinearStripminedThreadMap<cutlass::layout::PitchLinearShape<int=8, int=128>, int=256, int=1>, int=1>, cutlass::transform::threadblock::RegularTileIterator<cutlass::MatrixShape<int=128, int=8>, float, cutlass::layout::ColumnMajor, int=1, cutlass::transform::TransposePitchLinearThreadMapSimt<cutlass::transform::PitchLinearStripminedThreadMap<cutlass::layout::PitchLinearShape<int=8, int=128>, int=256, int=1>>, int=4>, cutlass::transform::threadblock::PredicatedTileIterator<cutlass::MatrixShape<int=8, int=128>, float, cutlass::layout::RowMajor, int=0, cutlass::transform::PitchLinearStripminedThreadMap<cutlass::layout::PitchLinearShape<int=128, int=8>, int=256, int=1>, int=1>, cutlass::transform::threadblock::RegularTileIterator<cutlass::MatrixShape<int=8, int=128>, float, cutlass::layout::RowMajor, int=0, cutlass::transform::PitchLinearStripminedThreadMap<cutlass::layout::PitchLinearShape<int=128, int=8>, int=256, int=1>, int=4>, float, cutlass::layout::RowMajor, cutlass::gemm::threadblock::MmaPolicy<cutlass::gemm::warp::MmaSimt<cutlass::gemm::GemmShape<int=32, int=64, int=8>, float, cutlass::layout::ColumnMajor, float, cutlass::layout::RowMajor, float, cutlass::layout::RowMajor, cutlass::gemm::warp::MmaSimtPolicy<cutlass::MatrixShape<int=4, int=8>, cutlass::layout::RowMajorInterleaved<int=2>, cutlass::gemm::GemmShape<int=4, int=4, int=1>>, int=1, bool>, cutlass::MatrixShape<int=4, int=0>, cutlass::MatrixShape<int=0, int=0>, int=1>, cutlass::NumericArrayConverter<float, float, int=4, cutlass::FloatRoundStyle>, cutlass::NumericArrayConverter<float, float, int=4, cutlass::FloatRoundStyle>, bool>, cutlass::epilogue::threadblock::Epilogue<cutlass::gemm::GemmShape<int=128, int=128, int=8>, cutlass::gemm::warp::MmaSimt<cutlass::gemm::GemmShape<int=32, int=64, int=8>, float, cutlass::layout::ColumnMajor, float, cutlass::layout::RowMajor, float, cutlass::layout::RowMajor, cutlass::gemm::warp::MmaSimtPolicy<cutlass::MatrixShape<int=4, int=8>, cutlass::layout::RowMajorInterleaved<int=2>, cutlass::gemm::GemmShape<int=4, int=4, int=1>>, int=1, bool>, int=1, cutlass::epilogue::threadblock::PredicatedTileIterator<cutlass::epilogue::threadblock::OutputTileOptimalThreadMap<cutlass::epilogue::threadblock::OutputTileShape<int=128, int=1, int=4, int=4, int=1>, cutlass::epilogue::threadblock::OutputTileShape<int=1, int=4, int=2, int=1, int=8>, int=256, int=1, int=32>, float>, cutlass::epilogue::warp::FragmentIteratorSimt<cutlass::gemm::GemmShape<int=32, int=64, int=8>, cutlass::gemm::thread::Mma<cutlass::gemm::GemmShape<int=8, int=8, int=1>, float, cutlass::layout::ColumnMajor, float, cutlass::layout::RowMajor, float, cutlass::layout::RowMajor, cutlass::arch::OpMultiplyAdd, bool>, cutlass::layout::RowMajor, cutlass::gemm::warp::MmaSimtPolicy<cutlass::MatrixShape<int=4, int=8>, cutlass::layout::RowMajorInterleaved<int=2>, cutlass::gemm::GemmShape<int=4, int=4, int=1>>>, cutlass::epilogue::warp::TileIteratorSimt<cutlass::gemm::GemmShape<int=32, int=64, int=8>, cutlass::gemm::thread::Mma<cutlass::gemm::GemmShape<int=8, int=8, int=1>, float, cutlass::layout::ColumnMajor, float, cutlass::layout::RowMajor, float, cutlass::layout::RowMajor, cutlass::arch::OpMultiplyAdd, bool>, float, cutlass::layout::RowMajor, cutlass::gemm::warp::MmaSimtPolicy<cutlass::MatrixShape<int=4, int=8>, cutlass::layout::RowMajorInterleaved<int=2>, cutlass::gemm::GemmShape<int=4, int=4, int=1>>>, cutlass::epilogue::threadblock::SharedLoadIterator<cutlass::epilogue::threadblock::OutputTileOptimalThreadMap<cutlass::epilogue::threadblock::OutputTileShape<int=128, int=1, int=4, int=4, int=1>::CompactedThreadMap, cutlass::epilogue::threadblock::OutputTileShape<int=1, int=4, int=2, int=1, int=8>, int=256, int=1, int=32>, float, int=4>, cutlass::epilogue::thread::LinearCombination<float",101,"sm_efficiency","Multiprocessor Activity",98.226158%,98.345044%,98.303438%
"Tesla V100-PCIE-32GB (0)","void cutlass::Kernel<cutlass::gemm::kernel::Gemm<cutlass::gemm::threadblock::MmaPipelined<cutlass::gemm::GemmShape<int=128, int=128, int=8>, cutlass::transform::threadblock::PredicatedTileIterator<cutlass::MatrixShape<int=128, int=8>, float, cutlass::layout::RowMajor, int=1, cutlass::transform::PitchLinearStripminedThreadMap<cutlass::layout::PitchLinearShape<int=8, int=128>, int=256, int=1>, int=1>, cutlass::transform::threadblock::RegularTileIterator<cutlass::MatrixShape<int=128, int=8>, float, cutlass::layout::ColumnMajor, int=1, cutlass::transform::TransposePitchLinearThreadMapSimt<cutlass::transform::PitchLinearStripminedThreadMap<cutlass::layout::PitchLinearShape<int=8, int=128>, int=256, int=1>>, int=4>, cutlass::transform::threadblock::PredicatedTileIterator<cutlass::MatrixShape<int=8, int=128>, float, cutlass::layout::RowMajor, int=0, cutlass::transform::PitchLinearStripminedThreadMap<cutlass::layout::PitchLinearShape<int=128, int=8>, int=256, int=1>, int=1>, cutlass::transform::threadblock::RegularTileIterator<cutlass::MatrixShape<int=8, int=128>, float, cutlass::layout::RowMajor, int=0, cutlass::transform::PitchLinearStripminedThreadMap<cutlass::layout::PitchLinearShape<int=128, int=8>, int=256, int=1>, int=4>, float, cutlass::layout::RowMajor, cutlass::gemm::threadblock::MmaPolicy<cutlass::gemm::warp::MmaSimt<cutlass::gemm::GemmShape<int=32, int=64, int=8>, float, cutlass::layout::ColumnMajor, float, cutlass::layout::RowMajor, float, cutlass::layout::RowMajor, cutlass::gemm::warp::MmaSimtPolicy<cutlass::MatrixShape<int=4, int=8>, cutlass::layout::RowMajorInterleaved<int=2>, cutlass::gemm::GemmShape<int=4, int=4, int=1>>, int=1, bool>, cutlass::MatrixShape<int=4, int=0>, cutlass::MatrixShape<int=0, int=0>, int=1>, cutlass::NumericArrayConverter<float, float, int=4, cutlass::FloatRoundStyle>, cutlass::NumericArrayConverter<float, float, int=4, cutlass::FloatRoundStyle>, bool>, cutlass::epilogue::threadblock::Epilogue<cutlass::gemm::GemmShape<int=128, int=128, int=8>, cutlass::gemm::warp::MmaSimt<cutlass::gemm::GemmShape<int=32, int=64, int=8>, float, cutlass::layout::ColumnMajor, float, cutlass::layout::RowMajor, float, cutlass::layout::RowMajor, cutlass::gemm::warp::MmaSimtPolicy<cutlass::MatrixShape<int=4, int=8>, cutlass::layout::RowMajorInterleaved<int=2>, cutlass::gemm::GemmShape<int=4, int=4, int=1>>, int=1, bool>, int=1, cutlass::epilogue::threadblock::PredicatedTileIterator<cutlass::epilogue::threadblock::OutputTileOptimalThreadMap<cutlass::epilogue::threadblock::OutputTileShape<int=128, int=1, int=4, int=4, int=1>, cutlass::epilogue::threadblock::OutputTileShape<int=1, int=4, int=2, int=1, int=8>, int=256, int=1, int=32>, float>, cutlass::epilogue::warp::FragmentIteratorSimt<cutlass::gemm::GemmShape<int=32, int=64, int=8>, cutlass::gemm::thread::Mma<cutlass::gemm::GemmShape<int=8, int=8, int=1>, float, cutlass::layout::ColumnMajor, float, cutlass::layout::RowMajor, float, cutlass::layout::RowMajor, cutlass::arch::OpMultiplyAdd, bool>, cutlass::layout::RowMajor, cutlass::gemm::warp::MmaSimtPolicy<cutlass::MatrixShape<int=4, int=8>, cutlass::layout::RowMajorInterleaved<int=2>, cutlass::gemm::GemmShape<int=4, int=4, int=1>>>, cutlass::epilogue::warp::TileIteratorSimt<cutlass::gemm::GemmShape<int=32, int=64, int=8>, cutlass::gemm::thread::Mma<cutlass::gemm::GemmShape<int=8, int=8, int=1>, float, cutlass::layout::ColumnMajor, float, cutlass::layout::RowMajor, float, cutlass::layout::RowMajor, cutlass::arch::OpMultiplyAdd, bool>, float, cutlass::layout::RowMajor, cutlass::gemm::warp::MmaSimtPolicy<cutlass::MatrixShape<int=4, int=8>, cutlass::layout::RowMajorInterleaved<int=2>, cutlass::gemm::GemmShape<int=4, int=4, int=1>>>, cutlass::epilogue::threadblock::SharedLoadIterator<cutlass::epilogue::threadblock::OutputTileOptimalThreadMap<cutlass::epilogue::threadblock::OutputTileShape<int=128, int=1, int=4, int=4, int=1>::CompactedThreadMap, cutlass::epilogue::threadblock::OutputTileShape<int=1, int=4, int=2, int=1, int=8>, int=256, int=1, int=32>, float, int=4>, cutlass::epilogue::thread::LinearCombination<float",101,"achieved_occupancy","Achieved Occupancy",0.124968,0.124977,0.124971
"Tesla V100-PCIE-32GB (0)","void cutlass::Kernel<cutlass::gemm::kernel::Gemm<cutlass::gemm::threadblock::MmaPipelined<cutlass::gemm::GemmShape<int=128, int=128, int=8>, cutlass::transform::threadblock::PredicatedTileIterator<cutlass::MatrixShape<int=128, int=8>, float, cutlass::layout::RowMajor, int=1, cutlass::transform::PitchLinearStripminedThreadMap<cutlass::layout::PitchLinearShape<int=8, int=128>, int=256, int=1>, int=1>, cutlass::transform::threadblock::RegularTileIterator<cutlass::MatrixShape<int=128, int=8>, float, cutlass::layout::ColumnMajor, int=1, cutlass::transform::TransposePitchLinearThreadMapSimt<cutlass::transform::PitchLinearStripminedThreadMap<cutlass::layout::PitchLinearShape<int=8, int=128>, int=256, int=1>>, int=4>, cutlass::transform::threadblock::PredicatedTileIterator<cutlass::MatrixShape<int=8, int=128>, float, cutlass::layout::RowMajor, int=0, cutlass::transform::PitchLinearStripminedThreadMap<cutlass::layout::PitchLinearShape<int=128, int=8>, int=256, int=1>, int=1>, cutlass::transform::threadblock::RegularTileIterator<cutlass::MatrixShape<int=8, int=128>, float, cutlass::layout::RowMajor, int=0, cutlass::transform::PitchLinearStripminedThreadMap<cutlass::layout::PitchLinearShape<int=128, int=8>, int=256, int=1>, int=4>, float, cutlass::layout::RowMajor, cutlass::gemm::threadblock::MmaPolicy<cutlass::gemm::warp::MmaSimt<cutlass::gemm::GemmShape<int=32, int=64, int=8>, float, cutlass::layout::ColumnMajor, float, cutlass::layout::RowMajor, float, cutlass::layout::RowMajor, cutlass::gemm::warp::MmaSimtPolicy<cutlass::MatrixShape<int=4, int=8>, cutlass::layout::RowMajorInterleaved<int=2>, cutlass::gemm::GemmShape<int=4, int=4, int=1>>, int=1, bool>, cutlass::MatrixShape<int=4, int=0>, cutlass::MatrixShape<int=0, int=0>, int=1>, cutlass::NumericArrayConverter<float, float, int=4, cutlass::FloatRoundStyle>, cutlass::NumericArrayConverter<float, float, int=4, cutlass::FloatRoundStyle>, bool>, cutlass::epilogue::threadblock::Epilogue<cutlass::gemm::GemmShape<int=128, int=128, int=8>, cutlass::gemm::warp::MmaSimt<cutlass::gemm::GemmShape<int=32, int=64, int=8>, float, cutlass::layout::ColumnMajor, float, cutlass::layout::RowMajor, float, cutlass::layout::RowMajor, cutlass::gemm::warp::MmaSimtPolicy<cutlass::MatrixShape<int=4, int=8>, cutlass::layout::RowMajorInterleaved<int=2>, cutlass::gemm::GemmShape<int=4, int=4, int=1>>, int=1, bool>, int=1, cutlass::epilogue::threadblock::PredicatedTileIterator<cutlass::epilogue::threadblock::OutputTileOptimalThreadMap<cutlass::epilogue::threadblock::OutputTileShape<int=128, int=1, int=4, int=4, int=1>, cutlass::epilogue::threadblock::OutputTileShape<int=1, int=4, int=2, int=1, int=8>, int=256, int=1, int=32>, float>, cutlass::epilogue::warp::FragmentIteratorSimt<cutlass::gemm::GemmShape<int=32, int=64, int=8>, cutlass::gemm::thread::Mma<cutlass::gemm::GemmShape<int=8, int=8, int=1>, float, cutlass::layout::ColumnMajor, float, cutlass::layout::RowMajor, float, cutlass::layout::RowMajor, cutlass::arch::OpMultiplyAdd, bool>, cutlass::layout::RowMajor, cutlass::gemm::warp::MmaSimtPolicy<cutlass::MatrixShape<int=4, int=8>, cutlass::layout::RowMajorInterleaved<int=2>, cutlass::gemm::GemmShape<int=4, int=4, int=1>>>, cutlass::epilogue::warp::TileIteratorSimt<cutlass::gemm::GemmShape<int=32, int=64, int=8>, cutlass::gemm::thread::Mma<cutlass::gemm::GemmShape<int=8, int=8, int=1>, float, cutlass::layout::ColumnMajor, float, cutlass::layout::RowMajor, float, cutlass::layout::RowMajor, cutlass::arch::OpMultiplyAdd, bool>, float, cutlass::layout::RowMajor, cutlass::gemm::warp::MmaSimtPolicy<cutlass::MatrixShape<int=4, int=8>, cutlass::layout::RowMajorInterleaved<int=2>, cutlass::gemm::GemmShape<int=4, int=4, int=1>>>, cutlass::epilogue::threadblock::SharedLoadIterator<cutlass::epilogue::threadblock::OutputTileOptimalThreadMap<cutlass::epilogue::threadblock::OutputTileShape<int=128, int=1, int=4, int=4, int=1>::CompactedThreadMap, cutlass::epilogue::threadblock::OutputTileShape<int=1, int=4, int=2, int=1, int=8>, int=256, int=1, int=32>, float, int=4>, cutlass::epilogue::thread::LinearCombination<float",101,"warp_execution_efficiency","Warp Execution Efficiency",100.000000%,100.000000%,100.000000%
